"sseqid","qseqid","pident","length","mismatch","gapopen","qstart","qend","sstart","send","evalue","bitscore","staxid","ssciname","scomname","sblastname","sskingdom","gdescription"
"gi|503662172|ref|WP_013896248.1|","1",100,380,0,0,1,380,1,380,0,767,593909,"Mesorhizobium opportunistum","Mesorhizobium opportunistum","a-proteobacteria","Bacteria","NAD(P)/FAD-dependent oxidoreductase [Mesorhizobium opportunistum]"
"gi|665883174|ref|WP_031250380.1|","1",95,380,19,0,1,380,1,380,0,732,1287233,"Mesorhizobium sp. LNHC221B00","Mesorhizobium sp. LNHC221B00","a-proteobacteria","Bacteria","NAD(P)/FAD-dependent oxidoreductase [Mesorhizobium sp. LNHC221B00]"
"gi|563153502|gb|ESY77133.1|","1",94.737,380,20,0,1,380,5,384,0,730,1287233,"Mesorhizobium sp. LNHC221B00","Mesorhizobium sp. LNHC221B00","a-proteobacteria","Bacteria","dimethylaniline monooxygenase [Mesorhizobium sp. LNHC221B00]"
"gi|1242629448|ref|WP_095770923.1|","1",94.211,380,22,0,1,380,1,380,0,727,68287,"Mesorhizobium","Mesorhizobium","a-proteobacteria","Bacteria","MULTISPECIES: NAD(P)/FAD-dependent oxidoreductase [Mesorhizobium]"
"gi|696358103|ref|WP_032933255.1|","1",93.421,380,25,0,1,380,1,380,0,726,68287,"Mesorhizobium","Mesorhizobium","a-proteobacteria","Bacteria","MULTISPECIES: NAD(P)/FAD-dependent oxidoreductase [Mesorhizobium]"
"gi|1242666040|ref|WP_095791864.1|","1",93.947,380,23,0,1,380,1,380,0,725,2029410,"Mesorhizobium sp. WSM4311","Mesorhizobium sp. WSM4311","a-proteobacteria","Bacteria","NAD(P)/FAD-dependent oxidoreductase [Mesorhizobium sp. WSM4311]"
"gi|563516912|gb|ETA72268.1|","1",93.158,380,26,0,1,380,16,395,0,725,935547,"Mesorhizobium japonicum R7A","Mesorhizobium japonicum R7A","a-proteobacteria","Bacteria","putative flavoprotein involved in K+ transport [Mesorhizobium japonicum R7A]"
"gi|1178867178|ref|WP_083246698.1|","1",93.421,380,25,0,1,380,1,380,0,724,1862350,"Mesorhizobium sp. SEMIA 3007","Mesorhizobium sp. SEMIA 3007","a-proteobacteria","Bacteria","NAD(P)/FAD-dependent oxidoreductase [Mesorhizobium sp. SEMIA 3007]"
"gi|665891327|ref|WP_031258533.1|","1",93.947,380,23,0,1,380,1,380,0,724,1287243,"Mesorhizobium sp. LNHC232B00","Mesorhizobium sp. LNHC232B00","a-proteobacteria","Bacteria","NAD(P)/FAD-dependent oxidoreductase [Mesorhizobium sp. LNHC232B00]"
"gi|1242662526|ref|WP_095788449.1|","1",93.684,380,24,0,1,380,1,380,0,723,2029411,"Mesorhizobium sp. WSM4312","Mesorhizobium sp. WSM4312","a-proteobacteria","Bacteria","NAD(P)/FAD-dependent oxidoreductase [Mesorhizobium sp. WSM4312]"
"gi|1173575340|ref|WP_081296141.1|","1",93.684,380,24,0,1,380,1,380,0,723,68287,"Mesorhizobium","Mesorhizobium","a-proteobacteria","Bacteria","MULTISPECIES: NAD(P)/FAD-dependent oxidoreductase [Mesorhizobium]"
"gi|696345351|ref|WP_032920503.1|","1",93.421,380,25,0,1,380,1,380,0,722,68287,"Mesorhizobium","Mesorhizobium","a-proteobacteria","Bacteria","MULTISPECIES: NAD(P)/FAD-dependent oxidoreductase [Mesorhizobium]"
"gi|563139322|gb|ESY63300.1|","1",93.684,380,24,0,1,380,5,384,0,722,1287243,"Mesorhizobium sp. LNHC232B00","Mesorhizobium sp. LNHC232B00","a-proteobacteria","Bacteria","dimethylaniline monooxygenase [Mesorhizobium sp. LNHC232B00]"
"gi|1058281838|gb|ODA94481.1|","1",93.158,380,26,0,1,380,16,395,0,721,1862350,"Mesorhizobium sp. SEMIA 3007","Mesorhizobium sp. SEMIA 3007","a-proteobacteria","Bacteria","dimethylaniline monooxygenase [Mesorhizobium sp. SEMIA 3007]"
"gi|1039221096|gb|OBQ61614.1|","1",93.421,380,25,0,1,380,16,395,0,721,381,"Mesorhizobium loti","Mesorhizobium loti","a-proteobacteria","Bacteria","dimethylaniline monooxygenase [Mesorhizobium loti]"
"gi|764983370|ref|WP_044549919.1|","1",92.895,380,27,0,1,380,1,380,0,721,2066070,"Mesorhizobium japonicum","Mesorhizobium japonicum","a-proteobacteria","Bacteria","NAD(P)/FAD-dependent oxidoreductase [Mesorhizobium japonicum]"
"gi|14027334|dbj|BAB53603.1|","1",92.632,380,28,0,1,380,16,395,0,720,266835,"Mesorhizobium japonicum MAFF 303099","Mesorhizobium japonicum MAFF 303099","a-proteobacteria","Bacteria","mll7934 [Mesorhizobium japonicum MAFF 303099]"
"gi|1040750068|gb|ANN59946.1|","1",93.158,380,26,0,1,380,16,395,0,720,935546,"Mesorhizobium loti NZP2037","Mesorhizobium loti NZP2037","a-proteobacteria","Bacteria","dimethylaniline monooxygenase [Mesorhizobium loti NZP2037]"
"gi|1223541022|ref|WP_091577584.1|","1",92.895,380,27,0,1,380,1,380,0,718,1165689,"Mesorhizobium qingshengii","Mesorhizobium qingshengii","a-proteobacteria","Bacteria","NAD(P)/FAD-dependent oxidoreductase [Mesorhizobium qingshengii]"
"gi|1087437406|emb|SDA65948.1|","1",92.632,380,28,0,1,380,16,395,0,716,1165689,"Mesorhizobium qingshengii","Mesorhizobium qingshengii","a-proteobacteria","Bacteria","Predicted flavoprotein CzcO associated with the cation diffusion facilitator CzcD [Mesorhizobium qingshengii]"
"gi|1237066773|ref|WP_095202474.1|","1",92.632,380,28,0,1,380,1,380,0,714,1208188,"Mesorhizobium sp. ICMP 18942","Mesorhizobium sp. ICMP 18942","a-proteobacteria","Bacteria","NAD(P)/FAD-dependent oxidoreductase [Mesorhizobium sp. ICMP 18942]"
"gi|947902887|ref|WP_056563132.1|","1",91.842,380,31,0,1,380,1,380,0,714,68287,"Mesorhizobium","Mesorhizobium","a-proteobacteria","Bacteria","MULTISPECIES: NAD(P)/FAD-dependent oxidoreductase [Mesorhizobium]"
"gi|727715193|ref|WP_033838293.1|","1",91.053,380,34,0,1,380,1,380,0,712,381,"Mesorhizobium loti","Mesorhizobium loti","a-proteobacteria","Bacteria","NAD(P)/FAD-dependent oxidoreductase [Mesorhizobium loti]"
"gi|1327988985|gb|PMR53408.1|","1",91.579,380,32,0,1,380,1,380,0,707,537601,"Mesorhizobium sp. BD68","Mesorhizobium sp. BD68","a-proteobacteria","Bacteria","NAD(P)/FAD-dependent oxidoreductase [Mesorhizobium sp. BD68]"
"gi|1442506399|ref|WP_115145241.1|","1",91.053,380,34,0,1,380,1,380,0,706,2135476,"Mesorhizobium sp. AP09","Mesorhizobium sp. AP09","a-proteobacteria","Bacteria","NAD(P)/FAD-dependent oxidoreductase [Mesorhizobium sp. AP09]"
"gi|696350974|ref|WP_032926126.1|","1",90.263,380,37,0,1,380,1,380,0,704,381,"Mesorhizobium loti","Mesorhizobium loti","a-proteobacteria","Bacteria","NAD(P)/FAD-dependent oxidoreductase [Mesorhizobium loti]"
"gi|1039863130|ref|WP_064991701.1|","1",89.737,380,39,0,1,380,1,380,0,699,381,"Mesorhizobium loti","Mesorhizobium loti","a-proteobacteria","Bacteria","NAD(P)/FAD-dependent oxidoreductase [Mesorhizobium loti]"
"gi|652701313|ref|WP_027042083.1|","1",92.632,380,28,0,1,380,1,380,0,697,1380350,"Mesorhizobium sp. URHC0008","Mesorhizobium sp. URHC0008","a-proteobacteria","Bacteria","NAD(P)/FAD-dependent oxidoreductase [Mesorhizobium sp. URHC0008]"
"gi|696342161|ref|WP_032917313.1|","1",88.947,380,42,0,1,380,1,380,0,695,1777866,"Mesorhizobium erdmanii","Mesorhizobium erdmanii","a-proteobacteria","Bacteria","NAD(P)/FAD-dependent oxidoreductase [Mesorhizobium erdmanii]"
"gi|696360295|ref|WP_032935445.1|","1",85.526,380,55,0,1,380,1,380,0,666,1040987,"Mesorhizobium sp. WSM3626","Mesorhizobium sp. WSM3626","a-proteobacteria","Bacteria","NAD(P)/FAD-dependent oxidoreductase [Mesorhizobium sp. WSM3626]"
"gi|505131354|ref|WP_015318456.1|","1",85,380,57,0,1,380,1,380,0,659,536018,"Mesorhizobium australicum","Mesorhizobium australicum","a-proteobacteria","Bacteria","NAD(P)/FAD-dependent oxidoreductase [Mesorhizobium australicum]"
"gi|563577765|ref|WP_023782920.1|","1",84.737,380,58,0,1,380,1,380,0,658,1287232,"Mesorhizobium sp. LNHC220B00","Mesorhizobium sp. LNHC220B00","a-proteobacteria","Bacteria","NAD(P)/FAD-dependent oxidoreductase [Mesorhizobium sp. LNHC220B00]"
"gi|696344582|ref|WP_032919734.1|","1",84.474,380,59,0,1,380,1,380,0,653,1298858,"Mesorhizobium sp. URHA0056","Mesorhizobium sp. URHA0056","a-proteobacteria","Bacteria","NAD(P)/FAD-dependent oxidoreductase [Mesorhizobium sp. URHA0056]"
"gi|563796329|ref|WP_023795281.1|","1",83.947,380,61,0,1,380,1,380,0,652,1287226,"Mesorhizobium sp. LNHC209A00","Mesorhizobium sp. LNHC209A00","a-proteobacteria","Bacteria","NAD(P)/FAD-dependent oxidoreductase [Mesorhizobium sp. LNHC209A00]"
"gi|950014784|ref|WP_057143358.1|","1",83.684,380,62,0,1,380,1,380,0,646,1736589,"Mesorhizobium sp. Root695","Mesorhizobium sp. Root695","a-proteobacteria","Bacteria","NAD(P)/FAD-dependent oxidoreductase [Mesorhizobium sp. Root695]"
"gi|947927044|ref|WP_056587175.1|","1",83.421,380,63,0,1,380,1,380,0,645,1736422,"Mesorhizobium sp. Root102","Mesorhizobium sp. Root102","a-proteobacteria","Bacteria","NAD(P)/FAD-dependent oxidoreductase [Mesorhizobium sp. Root102]"
"gi|1392530823|ref|WP_109663373.1|","1",81.579,380,70,0,1,380,1,380,0,642,381,"Mesorhizobium loti","Mesorhizobium loti","a-proteobacteria","Bacteria","NAD(P)/FAD-dependent oxidoreductase [Mesorhizobium loti]"
"gi|652909369|ref|WP_027163350.1|","1",81.316,380,71,0,1,380,1,380,0,640,1040984,"Mesorhizobium sp. WSM1293","Mesorhizobium sp. WSM1293","a-proteobacteria","Bacteria","NAD(P)/FAD-dependent oxidoreductase [Mesorhizobium sp. WSM1293]"
"gi|639164433|ref|WP_024504285.1|","1",80.526,380,74,0,1,380,1,380,0,635,39645,"Mesorhizobium ciceri","Mesorhizobium ciceri","a-proteobacteria","Bacteria","NAD(P)/FAD-dependent oxidoreductase [Mesorhizobium ciceri]"
"gi|1017220492|ref|WP_063171811.1|","1",80.526,380,74,0,1,380,1,380,0,632,39645,"Mesorhizobium ciceri","Mesorhizobium ciceri","a-proteobacteria","Bacteria","NAD(P)/FAD-dependent oxidoreductase [Mesorhizobium ciceri]"
"gi|563944937|ref|WP_023812609.1|","1",80.526,380,74,0,1,380,1,380,0,630,1287116,"Mesorhizobium sp. L2C084A000","Mesorhizobium sp. L2C084A000","a-proteobacteria","Bacteria","NAD(P)/FAD-dependent oxidoreductase [Mesorhizobium sp. L2C084A000]"
"gi|1236941650|ref|WP_095086747.1|","1",84.737,380,58,0,1,380,1,380,0,625,1300294,"Mesorhizobium sophorae","Mesorhizobium sophorae","a-proteobacteria","Bacteria","NAD(P)/FAD-dependent oxidoreductase [Mesorhizobium sophorae]"
"gi|1408176610|ref|WP_111549401.1|","1",80.052,381,73,2,1,380,1,379,0,622,1300272,"Mesorhizobium kowhaii","Mesorhizobium kowhaii","a-proteobacteria","Bacteria","NAD(P)/FAD-dependent oxidoreductase [Mesorhizobium kowhaii]"
"gi|1050765986|dbj|BAV52098.1|","1",89.251,307,33,0,74,380,1,307,0,558,381,"Mesorhizobium loti","Mesorhizobium loti","a-proteobacteria","Bacteria","dimethylaniline monooxygenase [Mesorhizobium loti]"
"gi|505131354|ref|WP_015318456.1|","2",100,380,0,0,1,380,1,380,0,760,536018,"Mesorhizobium australicum","Mesorhizobium australicum","a-proteobacteria","Bacteria","NAD(P)/FAD-dependent oxidoreductase [Mesorhizobium australicum]"
"gi|563577765|ref|WP_023782920.1|","2",97.632,380,9,0,1,380,1,380,0,742,1287232,"Mesorhizobium sp. LNHC220B00","Mesorhizobium sp. LNHC220B00","a-proteobacteria","Bacteria","NAD(P)/FAD-dependent oxidoreductase [Mesorhizobium sp. LNHC220B00]"
"gi|563796329|ref|WP_023795281.1|","2",96.842,380,12,0,1,380,1,380,0,736,1287226,"Mesorhizobium sp. LNHC209A00","Mesorhizobium sp. LNHC209A00","a-proteobacteria","Bacteria","NAD(P)/FAD-dependent oxidoreductase [Mesorhizobium sp. LNHC209A00]"
"gi|696360295|ref|WP_032935445.1|","2",93.684,380,24,0,1,380,1,380,0,720,1040987,"Mesorhizobium sp. WSM3626","Mesorhizobium sp. WSM3626","a-proteobacteria","Bacteria","NAD(P)/FAD-dependent oxidoreductase [Mesorhizobium sp. WSM3626]"
"gi|727715193|ref|WP_033838293.1|","2",85.526,380,55,0,1,380,1,380,0,665,381,"Mesorhizobium loti","Mesorhizobium loti","a-proteobacteria","Bacteria","NAD(P)/FAD-dependent oxidoreductase [Mesorhizobium loti]"
"gi|665883174|ref|WP_031250380.1|","2",85.263,380,56,0,1,380,1,380,0,662,1287233,"Mesorhizobium sp. LNHC221B00","Mesorhizobium sp. LNHC221B00","a-proteobacteria","Bacteria","NAD(P)/FAD-dependent oxidoreductase [Mesorhizobium sp. LNHC221B00]"
"gi|563153502|gb|ESY77133.1|","2",85,380,57,0,1,380,5,384,0,660,1287233,"Mesorhizobium sp. LNHC221B00","Mesorhizobium sp. LNHC221B00","a-proteobacteria","Bacteria","dimethylaniline monooxygenase [Mesorhizobium sp. LNHC221B00]"
"gi|503662172|ref|WP_013896248.1|","2",85,380,57,0,1,380,1,380,0,659,593909,"Mesorhizobium opportunistum","Mesorhizobium opportunistum","a-proteobacteria","Bacteria","NAD(P)/FAD-dependent oxidoreductase [Mesorhizobium opportunistum]"
"gi|1242629448|ref|WP_095770923.1|","2",85,380,57,0,1,380,1,380,0,658,68287,"Mesorhizobium","Mesorhizobium","a-proteobacteria","Bacteria","MULTISPECIES: NAD(P)/FAD-dependent oxidoreductase [Mesorhizobium]"
"gi|696358103|ref|WP_032933255.1|","2",84.211,380,60,0,1,380,1,380,0,657,68287,"Mesorhizobium","Mesorhizobium","a-proteobacteria","Bacteria","MULTISPECIES: NAD(P)/FAD-dependent oxidoreductase [Mesorhizobium]"
"gi|1242666040|ref|WP_095791864.1|","2",84.737,380,58,0,1,380,1,380,0,656,2029410,"Mesorhizobium sp. WSM4311","Mesorhizobium sp. WSM4311","a-proteobacteria","Bacteria","NAD(P)/FAD-dependent oxidoreductase [Mesorhizobium sp. WSM4311]"
"gi|563516912|gb|ETA72268.1|","2",83.947,380,61,0,1,380,16,395,0,656,935547,"Mesorhizobium japonicum R7A","Mesorhizobium japonicum R7A","a-proteobacteria","Bacteria","putative flavoprotein involved in K+ transport [Mesorhizobium japonicum R7A]"
"gi|696344582|ref|WP_032919734.1|","2",83.947,380,61,0,1,380,1,380,0,656,1298858,"Mesorhizobium sp. URHA0056","Mesorhizobium sp. URHA0056","a-proteobacteria","Bacteria","NAD(P)/FAD-dependent oxidoreductase [Mesorhizobium sp. URHA0056]"
"gi|1242662526|ref|WP_095788449.1|","2",84.474,380,59,0,1,380,1,380,0,655,2029411,"Mesorhizobium sp. WSM4312","Mesorhizobium sp. WSM4312","a-proteobacteria","Bacteria","NAD(P)/FAD-dependent oxidoreductase [Mesorhizobium sp. WSM4312]"
"gi|764983370|ref|WP_044549919.1|","2",83.947,380,61,0,1,380,1,380,0,655,2066070,"Mesorhizobium japonicum","Mesorhizobium japonicum","a-proteobacteria","Bacteria","NAD(P)/FAD-dependent oxidoreductase [Mesorhizobium japonicum]"
"gi|1223541022|ref|WP_091577584.1|","2",83.684,380,62,0,1,380,1,380,0,654,1165689,"Mesorhizobium qingshengii","Mesorhizobium qingshengii","a-proteobacteria","Bacteria","NAD(P)/FAD-dependent oxidoreductase [Mesorhizobium qingshengii]"
"gi|1087437406|emb|SDA65948.1|","2",83.421,380,63,0,1,380,16,395,0,653,1165689,"Mesorhizobium qingshengii","Mesorhizobium qingshengii","a-proteobacteria","Bacteria","Predicted flavoprotein CzcO associated with the cation diffusion facilitator CzcD [Mesorhizobium qingshengii]"
"gi|14027334|dbj|BAB53603.1|","2",83.684,380,62,0,1,380,16,395,0,653,266835,"Mesorhizobium japonicum MAFF 303099","Mesorhizobium japonicum MAFF 303099","a-proteobacteria","Bacteria","mll7934 [Mesorhizobium japonicum MAFF 303099]"
"gi|1442506399|ref|WP_115145241.1|","2",83.158,380,64,0,1,380,1,380,0,652,2135476,"Mesorhizobium sp. AP09","Mesorhizobium sp. AP09","a-proteobacteria","Bacteria","NAD(P)/FAD-dependent oxidoreductase [Mesorhizobium sp. AP09]"
"gi|947902887|ref|WP_056563132.1|","2",83.421,380,63,0,1,380,1,380,0,652,68287,"Mesorhizobium","Mesorhizobium","a-proteobacteria","Bacteria","MULTISPECIES: NAD(P)/FAD-dependent oxidoreductase [Mesorhizobium]"
"gi|1237066773|ref|WP_095202474.1|","2",83.421,380,63,0,1,380,1,380,0,651,1208188,"Mesorhizobium sp. ICMP 18942","Mesorhizobium sp. ICMP 18942","a-proteobacteria","Bacteria","NAD(P)/FAD-dependent oxidoreductase [Mesorhizobium sp. ICMP 18942]"
"gi|1178867178|ref|WP_083246698.1|","2",83.421,380,63,0,1,380,1,380,0,651,1862350,"Mesorhizobium sp. SEMIA 3007","Mesorhizobium sp. SEMIA 3007","a-proteobacteria","Bacteria","NAD(P)/FAD-dependent oxidoreductase [Mesorhizobium sp. SEMIA 3007]"
"gi|1039863130|ref|WP_064991701.1|","2",83.158,380,64,0,1,380,1,380,0,651,381,"Mesorhizobium loti","Mesorhizobium loti","a-proteobacteria","Bacteria","NAD(P)/FAD-dependent oxidoreductase [Mesorhizobium loti]"
"gi|696345351|ref|WP_032920503.1|","2",83.684,380,62,0,1,380,1,380,0,651,68287,"Mesorhizobium","Mesorhizobium","a-proteobacteria","Bacteria","MULTISPECIES: NAD(P)/FAD-dependent oxidoreductase [Mesorhizobium]"
"gi|1173575340|ref|WP_081296141.1|","2",83.684,380,62,0,1,380,1,380,0,650,68287,"Mesorhizobium","Mesorhizobium","a-proteobacteria","Bacteria","MULTISPECIES: NAD(P)/FAD-dependent oxidoreductase [Mesorhizobium]"
"gi|1040750068|gb|ANN59946.1|","2",83.421,380,63,0,1,380,16,395,0,650,935546,"Mesorhizobium loti NZP2037","Mesorhizobium loti NZP2037","a-proteobacteria","Bacteria","dimethylaniline monooxygenase [Mesorhizobium loti NZP2037]"
"gi|1058281838|gb|ODA94481.1|","2",83.158,380,64,0,1,380,16,395,0,649,1862350,"Mesorhizobium sp. SEMIA 3007","Mesorhizobium sp. SEMIA 3007","a-proteobacteria","Bacteria","dimethylaniline monooxygenase [Mesorhizobium sp. SEMIA 3007]"
"gi|1039221096|gb|OBQ61614.1|","2",83.421,380,63,0,1,380,16,395,0,649,381,"Mesorhizobium loti","Mesorhizobium loti","a-proteobacteria","Bacteria","dimethylaniline monooxygenase [Mesorhizobium loti]"
"gi|1327988985|gb|PMR53408.1|","2",84.474,380,59,0,1,380,1,380,0,649,537601,"Mesorhizobium sp. BD68","Mesorhizobium sp. BD68","a-proteobacteria","Bacteria","NAD(P)/FAD-dependent oxidoreductase [Mesorhizobium sp. BD68]"
"gi|665891327|ref|WP_031258533.1|","2",83.684,380,62,0,1,380,1,380,0,649,1287243,"Mesorhizobium sp. LNHC232B00","Mesorhizobium sp. LNHC232B00","a-proteobacteria","Bacteria","NAD(P)/FAD-dependent oxidoreductase [Mesorhizobium sp. LNHC232B00]"
"gi|696350974|ref|WP_032926126.1|","2",83.158,380,64,0,1,380,1,380,0,648,381,"Mesorhizobium loti","Mesorhizobium loti","a-proteobacteria","Bacteria","NAD(P)/FAD-dependent oxidoreductase [Mesorhizobium loti]"
"gi|563139322|gb|ESY63300.1|","2",83.421,380,63,0,1,380,5,384,0,647,1287243,"Mesorhizobium sp. LNHC232B00","Mesorhizobium sp. LNHC232B00","a-proteobacteria","Bacteria","dimethylaniline monooxygenase [Mesorhizobium sp. LNHC232B00]"
"gi|696342161|ref|WP_032917313.1|","2",82.368,380,67,0,1,380,1,380,0,645,1777866,"Mesorhizobium erdmanii","Mesorhizobium erdmanii","a-proteobacteria","Bacteria","NAD(P)/FAD-dependent oxidoreductase [Mesorhizobium erdmanii]"
"gi|1392530823|ref|WP_109663373.1|","2",81.316,380,71,0,1,380,1,380,0,638,381,"Mesorhizobium loti","Mesorhizobium loti","a-proteobacteria","Bacteria","NAD(P)/FAD-dependent oxidoreductase [Mesorhizobium loti]"
"gi|950014784|ref|WP_057143358.1|","2",82.105,380,68,0,1,380,1,380,0,638,1736589,"Mesorhizobium sp. Root695","Mesorhizobium sp. Root695","a-proteobacteria","Bacteria","NAD(P)/FAD-dependent oxidoreductase [Mesorhizobium sp. Root695]"
"gi|652701313|ref|WP_027042083.1|","2",84.474,380,59,0,1,380,1,380,0,638,1380350,"Mesorhizobium sp. URHC0008","Mesorhizobium sp. URHC0008","a-proteobacteria","Bacteria","NAD(P)/FAD-dependent oxidoreductase [Mesorhizobium sp. URHC0008]"
"gi|947927044|ref|WP_056587175.1|","2",81.842,380,69,0,1,380,1,380,0,637,1736422,"Mesorhizobium sp. Root102","Mesorhizobium sp. Root102","a-proteobacteria","Bacteria","NAD(P)/FAD-dependent oxidoreductase [Mesorhizobium sp. Root102]"
"gi|1017220492|ref|WP_063171811.1|","2",80.789,380,73,0,1,380,1,380,0,636,39645,"Mesorhizobium ciceri","Mesorhizobium ciceri","a-proteobacteria","Bacteria","NAD(P)/FAD-dependent oxidoreductase [Mesorhizobium ciceri]"
"gi|1236941650|ref|WP_095086747.1|","2",83.421,380,63,0,1,380,1,380,0,626,1300294,"Mesorhizobium sophorae","Mesorhizobium sophorae","a-proteobacteria","Bacteria","NAD(P)/FAD-dependent oxidoreductase [Mesorhizobium sophorae]"
"gi|1408176610|ref|WP_111549401.1|","2",80.315,381,72,2,1,380,1,379,0,624,1300272,"Mesorhizobium kowhaii","Mesorhizobium kowhaii","a-proteobacteria","Bacteria","NAD(P)/FAD-dependent oxidoreductase [Mesorhizobium kowhaii]"
"gi|1050765986|dbj|BAV52098.1|","2",81.433,307,57,0,74,380,1,307,2.52e-180,512,381,"Mesorhizobium loti","Mesorhizobium loti","a-proteobacteria","Bacteria","dimethylaniline monooxygenase [Mesorhizobium loti]"
"gi|493229586|ref|WP_006206480.1|","3",100,366,0,0,1,366,1,366,0,732,71433,"Mesorhizobium amorphae","Mesorhizobium amorphae","a-proteobacteria","Bacteria","NAD(P)/FAD-dependent oxidoreductase [Mesorhizobium amorphae]"
"gi|1486497421|ref|WP_120016048.1|","3",94.262,366,21,0,1,366,1,366,0,691,1300307,"Mesorhizobium waimense","Mesorhizobium waimense","a-proteobacteria","Bacteria","FAD-binding protein [Mesorhizobium waimense]"
"gi|563460807|ref|WP_023685900.1|","3",81.471,367,67,1,1,366,1,367,0,611,68287,"Mesorhizobium","Mesorhizobium","a-proteobacteria","Bacteria","MULTISPECIES: NAD(P)/FAD-dependent oxidoreductase [Mesorhizobium]"
"gi|563468786|ref|WP_023693799.1|","3",81.199,367,68,1,1,366,1,367,0,610,68287,"Mesorhizobium","Mesorhizobium","a-proteobacteria","Bacteria","MULTISPECIES: NAD(P)/FAD-dependent oxidoreductase [Mesorhizobium]"
"gi|563545959|ref|WP_023751886.1|","3",80.926,367,69,1,1,366,1,367,0,609,1287264,"Mesorhizobium sp. LNJC380A00","Mesorhizobium sp. LNJC380A00","a-proteobacteria","Bacteria","NAD(P)/FAD-dependent oxidoreductase [Mesorhizobium sp. LNJC380A00]"
"gi|563487700|ref|WP_023708708.1|","3",81.148,366,68,1,1,365,1,366,0,608,68287,"Mesorhizobium","Mesorhizobium","a-proteobacteria","Bacteria","MULTISPECIES: NAD(P)/FAD-dependent oxidoreductase [Mesorhizobium]"
"gi|563446653|ref|WP_023673466.1|","3",81.199,367,68,1,1,366,1,367,0,608,68287,"Mesorhizobium","Mesorhizobium","a-proteobacteria","Bacteria","MULTISPECIES: NAD(P)/FAD-dependent oxidoreductase [Mesorhizobium]"
"gi|563527709|ref|WP_023733983.1|","3",81.694,366,66,1,1,365,1,366,0,608,1287280,"Mesorhizobium sp. LNJC403B00","Mesorhizobium sp. LNJC403B00","a-proteobacteria","Bacteria","NAD(P)/FAD-dependent oxidoreductase [Mesorhizobium sp. LNJC403B00]"
"gi|564002496|ref|WP_023828769.1|","3",80.654,367,70,1,1,366,1,367,0,608,1287086,"Mesorhizobium sp. L103C120A0","Mesorhizobium sp. L103C120A0","a-proteobacteria","Bacteria","NAD(P)/FAD-dependent oxidoreductase [Mesorhizobium sp. L103C120A0]"
"gi|563994826|ref|WP_023821240.1|","3",81.148,366,68,1,1,365,1,366,0,607,1287100,"Mesorhizobium sp. L2C054A000","Mesorhizobium sp. L2C054A000","a-proteobacteria","Bacteria","NAD(P)/FAD-dependent oxidoreductase [Mesorhizobium sp. L2C054A000]"
"gi|563529199|ref|WP_023735436.1|","3",81.148,366,68,1,1,365,1,366,0,607,1287277,"Mesorhizobium sp. LNJC399B00","Mesorhizobium sp. LNJC399B00","a-proteobacteria","Bacteria","NAD(P)/FAD-dependent oxidoreductase [Mesorhizobium sp. LNJC399B00]"
"gi|563474238|ref|WP_023699144.1|","3",80.654,367,70,1,1,366,1,367,0,607,68287,"Mesorhizobium","Mesorhizobium","a-proteobacteria","Bacteria","MULTISPECIES: NAD(P)/FAD-dependent oxidoreductase [Mesorhizobium]"
"gi|563879683|ref|WP_023805569.1|","3",80.109,367,72,1,1,366,1,367,0,606,1287120,"Mesorhizobium sp. L2C089B000","Mesorhizobium sp. L2C089B000","a-proteobacteria","Bacteria","NAD(P)/FAD-dependent oxidoreductase [Mesorhizobium sp. L2C089B000]"
"gi|563481490|ref|WP_023705120.1|","3",80.874,366,69,1,1,365,1,366,0,606,68287,"Mesorhizobium","Mesorhizobium","a-proteobacteria","Bacteria","MULTISPECIES: NAD(P)/FAD-dependent oxidoreductase [Mesorhizobium]"
"gi|563541764|ref|WP_023747820.1|","3",80.381,367,71,1,1,366,1,367,0,605,1287273,"Mesorhizobium sp. LNJC391B00","Mesorhizobium sp. LNJC391B00","a-proteobacteria","Bacteria","NAD(P)/FAD-dependent oxidoreductase [Mesorhizobium sp. LNJC391B00]"
"gi|563524049|ref|WP_023730386.1|","3",80.381,367,71,1,1,366,1,367,0,605,1287281,"Mesorhizobium sp. LNJC405B00","Mesorhizobium sp. LNJC405B00","a-proteobacteria","Bacteria","NAD(P)/FAD-dependent oxidoreductase [Mesorhizobium sp. LNJC405B00]"
"gi|563493804|ref|WP_023712524.1|","3",80.381,367,71,1,1,366,1,367,0,605,68287,"Mesorhizobium","Mesorhizobium","a-proteobacteria","Bacteria","MULTISPECIES: NAD(P)/FAD-dependent oxidoreductase [Mesorhizobium]"
"gi|563992398|ref|WP_023819077.1|","3",80.926,367,68,2,1,366,1,366,0,604,1287105,"Mesorhizobium sp. L2C066B000","Mesorhizobium sp. L2C066B000","a-proteobacteria","Bacteria","NAD(P)/FAD-dependent oxidoreductase [Mesorhizobium sp. L2C066B000]"
"gi|974598158|ref|WP_059188174.1|","3",80.548,365,71,0,1,365,1,365,0,602,381,"Mesorhizobium loti","Mesorhizobium loti","a-proteobacteria","Bacteria","NAD(P)/FAD-dependent oxidoreductase [Mesorhizobium loti]"
"gi|685090801|emb|CDX20339.1|","3",81.029,311,59,0,1,311,1,311,0,517,408180,"Mesorhizobium sp. ORS 3324","Mesorhizobium sp. ORS 3324","a-proteobacteria","Bacteria","Monooxygenase FAD-binding protein [Mesorhizobium sp. ORS 3324]"
"gi|504095616|ref|WP_014329610.1|","4",100,420,0,0,1,420,1,420,0,851,380,"Sinorhizobium fredii","Sinorhizobium fredii","a-proteobacteria","Bacteria","NAD(P)/FAD-dependent oxidoreductase [Sinorhizobium fredii]"
"gi|1171027290|ref|WP_080577430.1|","4",99.762,420,1,0,1,420,1,420,0,849,380,"Sinorhizobium fredii","Sinorhizobium fredii","a-proteobacteria","Bacteria","NAD(P)/FAD-dependent oxidoreductase [Sinorhizobium fredii]"
"gi|1279653728|ref|WP_100209486.1|","4",100,405,0,0,16,420,1,405,0,820,380,"Sinorhizobium fredii","Sinorhizobium fredii","a-proteobacteria","Bacteria","NAD(P)/FAD-dependent oxidoreductase [Sinorhizobium fredii]"
"gi|1240630026|gb|ASY70285.1|","4",99.729,369,1,0,52,420,1,369,0,745,1128334,"Sinorhizobium fredii CCBAU 83666","Sinorhizobium fredii CCBAU 83666","a-proteobacteria","Bacteria","putative monooxygenase [Sinorhizobium fredii CCBAU 83666]"
"gi|959978052|gb|KSV87526.1|","4",99.458,369,2,0,52,420,1,369,0,744,1230631,"Sinorhizobium fredii USDA 205","Sinorhizobium fredii USDA 205","a-proteobacteria","Bacteria","dimethylaniline monooxygenase [Sinorhizobium fredii USDA 205]"
"gi|757510520|ref|WP_042777204.1|","4",86.992,369,48,0,52,420,1,369,0,664,380,"Sinorhizobium fredii","Sinorhizobium fredii","a-proteobacteria","Bacteria","NAD(P)/FAD-dependent oxidoreductase [Sinorhizobium fredii]"
"gi|1043359027|ref|WP_065375057.1|","4",87.805,369,45,0,52,420,1,369,0,660,106592,"Ensifer adhaerens","Ensifer adhaerens","a-proteobacteria","Bacteria","NAD(P)/FAD-dependent oxidoreductase [Ensifer adhaerens]"
"gi|1426249988|ref|WP_113135700.1|","4",86.45,369,50,0,52,420,1,369,0,652,1909294,"Rhizobiales bacterium","Rhizobiales bacterium","a-proteobacteria","Bacteria","NAD(P)/FAD-dependent oxidoreductase [Rhizobiales bacterium]"
"gi|959956614|gb|KSV66472.1|","4",86.179,369,51,0,52,420,1,369,0,652,1358416,"Sinorhizobium sp. GL2","Sinorhizobium sp. GL2","a-proteobacteria","Bacteria","dimethylaniline monooxygenase [Sinorhizobium sp. GL2]"
"gi|1426241573|ref|WP_113133268.1|","4",86.721,369,49,0,52,420,1,369,0,650,1909294,"Rhizobiales bacterium","Rhizobiales bacterium","a-proteobacteria","Bacteria","NAD(P)/FAD-dependent oxidoreductase [Rhizobiales bacterium]"
"gi|1215346265|ref|WP_089045302.1|","4",86.179,369,51,0,52,420,1,369,0,650,1449788,"Sinorhizobium sp. LM21","Sinorhizobium sp. LM21","a-proteobacteria","Bacteria","NAD(P)/FAD-dependent oxidoreductase [Sinorhizobium sp. LM21]"
"gi|1425985956|ref|WP_112983452.1|","4",86.179,369,51,0,52,420,1,369,0,649,1909294,"Rhizobiales bacterium","Rhizobiales bacterium","a-proteobacteria","Bacteria","NAD(P)/FAD-dependent oxidoreductase [Rhizobiales bacterium]"
"gi|1402973598|ref|WP_110819561.1|","4",86.179,369,51,0,52,420,1,369,0,647,106592,"Ensifer adhaerens","Ensifer adhaerens","a-proteobacteria","Bacteria","NAD(P)/FAD-dependent oxidoreductase [Ensifer adhaerens]"
"gi|960526329|ref|WP_058329484.1|","4",85.637,369,53,0,52,420,1,369,0,647,1358417,"Sinorhizobium sp. Sb3","Sinorhizobium sp. Sb3","a-proteobacteria","Bacteria","NAD(P)/FAD-dependent oxidoreductase [Sinorhizobium sp. Sb3]"
"gi|1427093837|ref|WP_113553762.1|","4",85.366,369,54,0,52,420,1,369,0,645,1909294,"Rhizobiales bacterium","Rhizobiales bacterium","a-proteobacteria","Bacteria","NAD(P)/FAD-dependent oxidoreductase [Rhizobiales bacterium]"
"gi|1425977629|ref|WP_112976272.1|","4",85.095,369,55,0,52,420,1,369,0,643,1909294,"Rhizobiales bacterium","Rhizobiales bacterium","a-proteobacteria","Bacteria","NAD(P)/FAD-dependent oxidoreductase [Rhizobiales bacterium]"
"gi|1426319069|ref|WP_113187594.1|","4",85.095,369,55,0,52,420,1,369,0,642,1909294,"Rhizobiales bacterium","Rhizobiales bacterium","a-proteobacteria","Bacteria","NAD(P)/FAD-dependent oxidoreductase [Rhizobiales bacterium]"
"gi|1442474947|ref|WP_115114380.1|","4",85.366,369,54,0,52,420,1,369,0,642,1909294,"Rhizobiales bacterium","Rhizobiales bacterium","a-proteobacteria","Bacteria","NAD(P)/FAD-dependent oxidoreductase [Rhizobiales bacterium]"
"gi|1426159009|ref|WP_113079592.1|","4",84.824,369,56,0,52,420,1,369,0,641,1909294,"Rhizobiales bacterium","Rhizobiales bacterium","a-proteobacteria","Bacteria","NAD(P)/FAD-dependent oxidoreductase [Rhizobiales bacterium]"
"gi|983339867|ref|WP_060520500.1|","4",85.095,369,55,0,52,420,1,369,0,641,106591,"Ensifer","Ensifer","a-proteobacteria","Bacteria","MULTISPECIES: NAD(P)/FAD-dependent oxidoreductase [Ensifer]"
"gi|1121028904|gb|OKP69773.1|","4",84.553,369,57,0,52,420,1,369,0,640,106592,"Ensifer adhaerens","Ensifer adhaerens","a-proteobacteria","Bacteria","dimethylaniline monooxygenase [Ensifer adhaerens]"
"gi|736797674|ref|WP_034799795.1|","4",84.824,369,56,0,52,420,1,369,0,640,106591,"Ensifer","Ensifer","a-proteobacteria","Bacteria","MULTISPECIES: NAD(P)/FAD-dependent oxidoreductase [Ensifer]"
"gi|1442457305|ref|WP_115096965.1|","4",84.553,369,57,0,52,420,1,369,0,639,1909294,"Rhizobiales bacterium","Rhizobiales bacterium","a-proteobacteria","Bacteria","NAD(P)/FAD-dependent oxidoreductase [Rhizobiales bacterium]"
"gi|1222243140|ref|WP_090297461.1|","4",84.553,369,57,0,52,420,1,369,0,637,1855294,"Ensifer sp. YR511","Ensifer sp. YR511","a-proteobacteria","Bacteria","NAD(P)/FAD-dependent oxidoreductase [Ensifer sp. YR511]"
"gi|1150773294|ref|WP_077967596.1|","4",83.198,369,62,0,52,420,1,369,0,624,106592,"Ensifer adhaerens","Ensifer adhaerens","a-proteobacteria","Bacteria","NAD(P)/FAD-dependent oxidoreductase [Ensifer adhaerens]"
"gi|1425535055|ref|WP_112850613.1|","4",82.609,368,64,0,52,419,1,368,0,615,1909294,"Rhizobiales bacterium","Rhizobiales bacterium","a-proteobacteria","Bacteria","NAD(P)/FAD-dependent oxidoreductase [Rhizobiales bacterium]"
"gi|759936444|ref|WP_043621600.1|","4",81.03,369,70,0,52,420,1,369,0,610,1339236,"Ensifer sp. ZNC0028","Ensifer sp. ZNC0028","a-proteobacteria","Bacteria","NAD(P)/FAD-dependent oxidoreductase [Ensifer sp. ZNC0028]"
"gi|1352500937|ref|WP_104666823.1|","4",81.694,366,67,0,52,417,1,366,0,605,106592,"Ensifer adhaerens","Ensifer adhaerens","a-proteobacteria","Bacteria","NAD(P)/FAD-dependent oxidoreductase [Ensifer adhaerens]"
"gi|736797674|ref|WP_034799795.1|","5",100,369,0,0,1,369,1,369,0,746,106591,"Ensifer","Ensifer","a-proteobacteria","Bacteria","MULTISPECIES: NAD(P)/FAD-dependent oxidoreductase [Ensifer]"
"gi|1121028904|gb|OKP69773.1|","5",99.187,369,3,0,1,369,1,369,0,739,106592,"Ensifer adhaerens","Ensifer adhaerens","a-proteobacteria","Bacteria","dimethylaniline monooxygenase [Ensifer adhaerens]"
"gi|1426159009|ref|WP_113079592.1|","5",98.916,369,4,0,1,369,1,369,0,737,1909294,"Rhizobiales bacterium","Rhizobiales bacterium","a-proteobacteria","Bacteria","NAD(P)/FAD-dependent oxidoreductase [Rhizobiales bacterium]"
"gi|1427093837|ref|WP_113553762.1|","5",98.916,369,4,0,1,369,1,369,0,736,1909294,"Rhizobiales bacterium","Rhizobiales bacterium","a-proteobacteria","Bacteria","NAD(P)/FAD-dependent oxidoreductase [Rhizobiales bacterium]"
"gi|1425977629|ref|WP_112976272.1|","5",98.645,369,5,0,1,369,1,369,0,734,1909294,"Rhizobiales bacterium","Rhizobiales bacterium","a-proteobacteria","Bacteria","NAD(P)/FAD-dependent oxidoreductase [Rhizobiales bacterium]"
"gi|1426319069|ref|WP_113187594.1|","5",98.645,369,5,0,1,369,1,369,0,734,1909294,"Rhizobiales bacterium","Rhizobiales bacterium","a-proteobacteria","Bacteria","NAD(P)/FAD-dependent oxidoreductase [Rhizobiales bacterium]"
"gi|983339867|ref|WP_060520500.1|","5",98.374,369,6,0,1,369,1,369,0,731,106591,"Ensifer","Ensifer","a-proteobacteria","Bacteria","MULTISPECIES: NAD(P)/FAD-dependent oxidoreductase [Ensifer]"
"gi|1222243140|ref|WP_090297461.1|","5",97.832,369,8,0,1,369,1,369,0,728,1855294,"Ensifer sp. YR511","Ensifer sp. YR511","a-proteobacteria","Bacteria","NAD(P)/FAD-dependent oxidoreductase [Ensifer sp. YR511]"
"gi|1426249988|ref|WP_113135700.1|","5",97.019,369,11,0,1,369,1,369,0,721,1909294,"Rhizobiales bacterium","Rhizobiales bacterium","a-proteobacteria","Bacteria","NAD(P)/FAD-dependent oxidoreductase [Rhizobiales bacterium]"
"gi|1215346265|ref|WP_089045302.1|","5",96.748,369,12,0,1,369,1,369,0,720,1449788,"Sinorhizobium sp. LM21","Sinorhizobium sp. LM21","a-proteobacteria","Bacteria","NAD(P)/FAD-dependent oxidoreductase [Sinorhizobium sp. LM21]"
"gi|1425985956|ref|WP_112983452.1|","5",96.748,369,12,0,1,369,1,369,0,718,1909294,"Rhizobiales bacterium","Rhizobiales bacterium","a-proteobacteria","Bacteria","NAD(P)/FAD-dependent oxidoreductase [Rhizobiales bacterium]"
"gi|1402973598|ref|WP_110819561.1|","5",96.748,369,12,0,1,369,1,369,0,717,106592,"Ensifer adhaerens","Ensifer adhaerens","a-proteobacteria","Bacteria","NAD(P)/FAD-dependent oxidoreductase [Ensifer adhaerens]"
"gi|959956614|gb|KSV66472.1|","5",95.935,369,15,0,1,369,1,369,0,714,1358416,"Sinorhizobium sp. GL2","Sinorhizobium sp. GL2","a-proteobacteria","Bacteria","dimethylaniline monooxygenase [Sinorhizobium sp. GL2]"
"gi|1426241573|ref|WP_113133268.1|","5",91.057,369,33,0,1,369,1,369,0,676,1909294,"Rhizobiales bacterium","Rhizobiales bacterium","a-proteobacteria","Bacteria","NAD(P)/FAD-dependent oxidoreductase [Rhizobiales bacterium]"
"gi|1043359027|ref|WP_065375057.1|","5",90.515,369,35,0,1,369,1,369,0,673,106592,"Ensifer adhaerens","Ensifer adhaerens","a-proteobacteria","Bacteria","NAD(P)/FAD-dependent oxidoreductase [Ensifer adhaerens]"
"gi|960526329|ref|WP_058329484.1|","5",89.702,369,38,0,1,369,1,369,0,671,1358417,"Sinorhizobium sp. Sb3","Sinorhizobium sp. Sb3","a-proteobacteria","Bacteria","NAD(P)/FAD-dependent oxidoreductase [Sinorhizobium sp. Sb3]"
"gi|959978052|gb|KSV87526.1|","5",85.366,369,54,0,1,369,1,369,0,645,1230631,"Sinorhizobium fredii USDA 205","Sinorhizobium fredii USDA 205","a-proteobacteria","Bacteria","dimethylaniline monooxygenase [Sinorhizobium fredii USDA 205]"
"gi|1240630026|gb|ASY70285.1|","5",85.095,369,55,0,1,369,1,369,0,642,1128334,"Sinorhizobium fredii CCBAU 83666","Sinorhizobium fredii CCBAU 83666","a-proteobacteria","Bacteria","putative monooxygenase [Sinorhizobium fredii CCBAU 83666]"
"gi|1171027290|ref|WP_080577430.1|","5",85.095,369,55,0,1,369,52,420,0,642,380,"Sinorhizobium fredii","Sinorhizobium fredii","a-proteobacteria","Bacteria","NAD(P)/FAD-dependent oxidoreductase [Sinorhizobium fredii]"
"gi|504095616|ref|WP_014329610.1|","5",84.824,369,56,0,1,369,52,420,0,640,380,"Sinorhizobium fredii","Sinorhizobium fredii","a-proteobacteria","Bacteria","NAD(P)/FAD-dependent oxidoreductase [Sinorhizobium fredii]"
"gi|1279653728|ref|WP_100209486.1|","5",84.824,369,56,0,1,369,37,405,0,639,380,"Sinorhizobium fredii","Sinorhizobium fredii","a-proteobacteria","Bacteria","NAD(P)/FAD-dependent oxidoreductase [Sinorhizobium fredii]"
"gi|757510520|ref|WP_042777204.1|","5",84.011,369,59,0,1,369,1,369,0,639,380,"Sinorhizobium fredii","Sinorhizobium fredii","a-proteobacteria","Bacteria","NAD(P)/FAD-dependent oxidoreductase [Sinorhizobium fredii]"
"gi|1150773294|ref|WP_077967596.1|","5",84.824,369,56,0,1,369,1,369,0,631,106592,"Ensifer adhaerens","Ensifer adhaerens","a-proteobacteria","Bacteria","NAD(P)/FAD-dependent oxidoreductase [Ensifer adhaerens]"
"gi|1352500937|ref|WP_104666823.1|","5",84.426,366,57,0,1,366,1,366,0,620,106592,"Ensifer adhaerens","Ensifer adhaerens","a-proteobacteria","Bacteria","NAD(P)/FAD-dependent oxidoreductase [Ensifer adhaerens]"
"gi|1442474947|ref|WP_115114380.1|","5",82.114,369,66,0,1,369,1,369,0,618,1909294,"Rhizobiales bacterium","Rhizobiales bacterium","a-proteobacteria","Bacteria","NAD(P)/FAD-dependent oxidoreductase [Rhizobiales bacterium]"
"gi|1442457305|ref|WP_115096965.1|","5",81.03,369,70,0,1,369,1,369,0,615,1909294,"Rhizobiales bacterium","Rhizobiales bacterium","a-proteobacteria","Bacteria","NAD(P)/FAD-dependent oxidoreductase [Rhizobiales bacterium]"
"gi|759936444|ref|WP_043621600.1|","5",81.843,369,67,0,1,369,1,369,0,609,1339236,"Ensifer sp. ZNC0028","Ensifer sp. ZNC0028","a-proteobacteria","Bacteria","NAD(P)/FAD-dependent oxidoreductase [Ensifer sp. ZNC0028]"
"gi|1425535055|ref|WP_112850613.1|","5",80.759,369,71,0,1,369,1,369,0,607,1909294,"Rhizobiales bacterium","Rhizobiales bacterium","a-proteobacteria","Bacteria","NAD(P)/FAD-dependent oxidoreductase [Rhizobiales bacterium]"
"gi|1011331679|ref|WP_062245905.1|","6",100,427,0,0,1,427,1,427,0,886,1752063,"Fischerella sp. NIES-3754","Fischerella sp. NIES-3754","cyanobacteria","Bacteria","NAD(P)/FAD-dependent oxidoreductase [Fischerella sp. NIES-3754]"
"gi|1328095050|ref|WP_102207726.1|","6",97.658,427,10,0,1,427,1,427,0,863,372787,"Fischerella thermalis","Fischerella thermalis","cyanobacteria","Bacteria","NAD(P)/FAD-dependent oxidoreductase [Fischerella thermalis]"
"gi|1328061850|ref|WP_102179681.1|","6",96.956,427,13,0,1,427,1,427,0,863,372787,"Fischerella thermalis","Fischerella thermalis","cyanobacteria","Bacteria","NAD(P)/FAD-dependent oxidoreductase [Fischerella thermalis]"
"gi|1328027825|ref|WP_102150321.1|","6",96.721,427,14,0,1,427,1,427,0,860,372787,"Fischerella thermalis","Fischerella thermalis","cyanobacteria","Bacteria","NAD(P)/FAD-dependent oxidoreductase [Fischerella thermalis]"
"gi|1121231639|ref|WP_073555487.1|","6",96.721,427,14,0,1,427,1,427,0,855,210993,"Fischerella major","Fischerella major","cyanobacteria","Bacteria","NAD(P)/FAD-dependent oxidoreductase [Fischerella major]"
"gi|652335462|ref|WP_026732678.1|","6",93.208,427,29,0,1,427,1,427,0,835,1173024,"Fischerella sp. PCC 9605","Fischerella sp. PCC 9605","cyanobacteria","Bacteria","NAD(P)/FAD-dependent oxidoreductase [Fischerella sp. PCC 9605]"
"gi|1328063467|ref|WP_102180347.1|","6",93.412,425,28,0,1,425,1,425,0,829,372787,"Fischerella thermalis","Fischerella thermalis","cyanobacteria","Bacteria","NAD(P)/FAD-dependent oxidoreductase [Fischerella thermalis]"
"gi|1408617795|gb|RAM47981.1|","6",91.569,427,36,0,1,427,1,427,0,821,2109628,"Hapalosiphonaceae cyanobacterium JJU2","Hapalosiphonaceae cyanobacterium JJU2","cyanobacteria","Bacteria","NAD(P)/FAD-dependent oxidoreductase [Hapalosiphonaceae cyanobacterium JJU2]"
"gi|1328069606|ref|WP_102185460.1|","6",92.941,425,30,0,1,425,1,425,0,808,372787,"Fischerella thermalis","Fischerella thermalis","cyanobacteria","Bacteria","NAD(P)/FAD-dependent oxidoreductase [Fischerella thermalis]"
"gi|1248178297|ref|WP_096678145.1|","6",88.759,427,48,0,1,427,1,427,0,786,2005456,"Fischerella sp. NIES-4106","Fischerella sp. NIES-4106","cyanobacteria","Bacteria","NAD(P)/FAD-dependent oxidoreductase [Fischerella sp. NIES-4106]"
"gi|515877107|ref|WP_017307690.1|","6",86.417,427,56,1,1,427,1,425,0,772,1174528,"Fischerella sp. PCC 9339","Fischerella sp. PCC 9339","cyanobacteria","Bacteria","NAD(P)/FAD-dependent oxidoreductase [Fischerella sp. PCC 9339]"
"gi|740249171|ref|WP_038090096.1|","6",84.309,427,67,0,1,427,1,427,0,763,1246981,"Tolypothrix bouteillei","Tolypothrix bouteillei","cyanobacteria","Bacteria","NAD(P)/FAD-dependent oxidoreductase [Tolypothrix bouteillei]"
"gi|516352200|ref|WP_017742233.1|","6",83.372,427,71,0,1,427,1,427,0,758,34078,"Scytonema hofmannii","Scytonema hofmannii","cyanobacteria","Bacteria","NAD(P)/FAD-dependent oxidoreductase [Scytonema hofmannii]"
"gi|1430709763|gb|RCJ19782.1|","6",84.309,427,67,0,1,427,1,427,0,755,1840705,"Nostoc sp. ATCC 43529","Nostoc sp. ATCC 43529","cyanobacteria","Bacteria","hypothetical protein A6S26_03315 [Nostoc sp. ATCC 43529]"
"gi|1328110239|ref|WP_102220387.1|","6",86.651,427,57,0,1,427,1,427,0,752,372787,"Fischerella thermalis","Fischerella thermalis","cyanobacteria","Bacteria","NAD(P)/FAD-dependent oxidoreductase [Fischerella thermalis]"
"gi|1248099080|ref|WP_096602196.1|","6",83.372,427,71,0,1,427,1,427,0,748,1954172,"Calothrix sp. NIES-2100","Calothrix sp. NIES-2100","cyanobacteria","Bacteria","NAD(P)/FAD-dependent oxidoreductase [Calothrix sp. NIES-2100]"
"gi|515379801|ref|WP_016875162.1|","6",82.494,417,73,0,1,417,1,417,0,724,1124,"Chlorogloeopsis fritschii","Chlorogloeopsis fritschii","cyanobacteria","Bacteria","NAD(P)/FAD-dependent oxidoreductase [Chlorogloeopsis fritschii]"
"gi|1324800244|gb|PLZ88419.1|","6",97.118,347,10,0,81,427,1,347,0,702,2026245,"Fischerella thermalis CCMEE 5196","Fischerella thermalis CCMEE 5196","cyanobacteria","Bacteria","hypothetical protein CI594_20450"
"gi|1324847616|gb|PMB27095.1|","6",95.053,283,14,0,1,283,1,283,0,566,2019665,"Fischerella thermalis CCMEE 5319","Fischerella thermalis CCMEE 5319","cyanobacteria","Bacteria","hypothetical protein CEN47_15375"
"gi|504843596|ref|WP_015030698.1|","7",100,373,0,0,1,373,1,373,0,763,312279,"Emticicia oligotrophica","Emticicia oligotrophica","CFB group bacteria","Bacteria","NAD(P)/FAD-dependent oxidoreductase [Emticicia oligotrophica]"
"gi|1032340723|ref|WP_064197088.1|","7",99.464,373,2,0,1,373,1,373,0,758,1839755,"Emticicia sp. MM","Emticicia sp. MM","CFB group bacteria","Bacteria","NAD(P)/FAD-dependent oxidoreductase [Emticicia sp. MM]"
