Species,CSUR number,Phylum,Category,C,D,E,F,G,H,I,J,K,N° of Id
Abiotrophia defectiva,CSURP616,Firmicutes,H(GUT),3,1,1,,,,,,,6
Acetobacter pasteurianus,CSURP2066,Proteobacteria,NH,,,,,,X,,,,1
Acidaminococcus fermentans,ND,Firmicutes,H(GUT),,,,,1,,,,,2
Acidaminococcus intestini,CSURP1132,Firmicutes,H(GUT),X,,,3,,,,,,4
Acidaminococcus massiliensis ,CSURP2828,Firmicutes,NS,,,,,,,,,X,1
Acidaminococcus timonensis,CSURP2764,Firmicutes,NS,,,,,,,,,X,1
Acinetobacter baumannii,ND,Proteobacteria,H(GUT),,X,1,,1,,,,,3
Acinetobacter junii,CSURP1133,Proteobacteria,NH,,X,,,,,,,,1
Acinetobacter lwoffii,CSURP786,Proteobacteria,H(GUT),4,1,,1,,3,,,,1
Acinetobacter pittii,CSURP610,Proteobacteria,H,1,2,,,,,,,,4
Acinetobacter radioresistens,CSURP1006,Proteobacteria,H,2,7,1,,,,,,,11
Acinetobacter septicus,CSURP1710,Proteobacteria,H,,X,,,,,,,,1
Acinetobacter towneri,ND,Proteobacteria,NH,,,1,,,,,,,2
Acinetobacter ursingii,CSURP772,Proteobacteria,H,,X,,,,,,,,1
Acinetobacter variabilis,CSURP2092,Proteobacteria,H,,X,,,,,,,,1
Actinobaculum massiliense,CSURP1982,Actinobacteria,H,,,X,,,,,,,1
Actinomyces bouchesdurhonensis,CSURP2825,Actinobacteria,NS,,,,,,,,,X,1
Actinomyces dentalis,ND,Actinobacteria,H,X,,,,,,,,,1
Actinomyces europaeus,CSURP605,Actinobacteria,H,,X,,,,,,,,1
Actinomyces graevenitzii,Inprogress,Actinobacteria,H,,,,X,,,,,,1
Actinomyces ihumii,CSURP2006,Firmicutes,NS,,,,,,X,,,,1
Actinomyces johnsonii,CSURP2016,Actinobacteria,H,,X,,,,,,,,1
Actinomyces naeslundii,CSURP678,Actinobacteria,H(GUT),2,1,,,,,,,,4
Actinomyces neuii,CSURP907,Actinobacteria,H,X,,1,,,,,,,2
Actinomyces odontolyticus,CSURP2379,Actinobacteria,H(GUT),2,9,,,,2,,,,14
Actinomyces oris,CSURP739,Actinobacteria,H(GUT),4,7,,1,,,,,,13
Actinomyces phoceensis,CSURP1984,Actinobacteria,NS,,X,,,,,,,,1
Actinomyces polynesiensis,CSURP658,Actinobacteria,NS,X,,1,,,1,,,,3
Actinomyces provencensis,CSURP2166,Actinobacteria,NS,,,,,,X,,,,1
Actinomyces radingae,CSURP983,Actinobacteria,H(GUT),2,6,1,,,2,,,,12
Actinomyces turicensis,CSURP1128,Actinobacteria,H(GUT),,X,,1,,,,,1,3
Actinomyces urogenitalis,CSURP1180,Actinobacteria,H,X,6,1,,,2,,,,1
Adlercreutzia equolifaciens,ND,Actinobacteria,H(GUT),,1,,,,,,,,2
Aerococcus viridans,CSURP751,Firmicutes,H(GUT),4,1,,,,,,,,6
Aeromicrobium tamlense,CSURP1208,Actinobacteria,NH,,X,,,,,,,,1
Aeromonas bestiarum,CSURP1135,Proteobacteria,H(GUT),,1,,,X,,,,,2
Aeromonas caviae,CSURP636,Proteobacteria,H(GUT),,X,,,,,,,,1
Aeromonas enteropelogenes,ND,Proteobacteria,H(GUT),,X,,,,,,,,1
Aeromonas eucrenophila,ND,Proteobacteria,H(GUT),,1,,,X,,,,,2
Aeromonas hydrophila,CSURP845,Proteobacteria,H(GUT),,X,,,,1,,,,2
Aeromonas jandaei,ND,Proteobacteria,H(GUT),,X,,,,,,,,1
Aeromonas popoffii,ND,Proteobacteria,H,,1,,,X,,,,,2
Aeromonas salmonicida,ND,Proteobacteria,H(GUT),,1,,,X,,,,,2
Aeromonas schubertii,ND,Proteobacteria,H(GUT),,X,,,,,,,,1
Aeromonas veronii,ND,Proteobacteria,H(GUT),,,,,,X,,,,1
Africanella massiliensis,CSURP2538,Firmicutes,NS,,X,,,,,,,,1
Aggregatibacter aphrophilus,CSURP1062,Proteobacteria,H(GUT),X,,,,,,,,,1
Aggregatibacter segnis,Inprogress,Proteobacteria,H(GUT),,,,X,,,,,,1
Agrococcus casei,CSURP2239,Actinobacteria,NH,,X,,,,,,,,1
Agrococcus jenensis,ND,Actinobacteria,NH,1,,,,,,,,,2
Akkermansia muciniphila,CSURP2261,Verrucomicrobia,H(GUT),,,,X,,,,,,1
Alcaligenes faecalis,CSURP580,Proteobacteria,H(GUT),,4,,,,,,,,5
Alistipes finegoldii,CSURP555,Bacteroidetes,H(GUT),1,13,,2,,,,,,17
Alistipes ihumii,CSURP204,Bacteroidetes,NS,,,,,,1,,,,2
Alistipes indistinctus,CSURP723,Bacteroidetes,H(GUT),3,7,1,3,,2,,,1,18
Alistipes jeddahensis,CSURP1209,Bacteroidetes,NS,,X,,3,,,,,1,5
Alistipes massiliensis,CSURP2263,Bacteroidetes,H(GUT),,,,X,,,,,,1
Alistipes obesihominis,CSURP186,Bacteroidetes,NS,,2,,6,,,,,,9
Alistipes onderdonkii,CSURP591,Bacteroidetes,H(GUT),2,17,1,8,,,,,,29
Alistipes phoceensis,CSURP1461,Bacteroidetes,NS,,,,X,,,,,,1
Alistipes provencensis,CSURP2431,Bacteroidetes,NS,,,,X,,,,,,1
Alistipes putredinis,CSURP1137,Bacteroidetes,H(GUT),,X,,1,,,,,,2
Alistipes senegalensis,CSURP150,Bacteroidetes,NS,,2,,,,,,,,3
Alistipes shahii,CSURP808,Bacteroidetes,H(GUT),1,7,,3,,,,,,12
Alistipes timonensis,CSURP148,Bacteroidetes,NS,,2,,,,,,,,3
Alkalibacillus halophilus,Inprogress,Firmicutes,NH,,,X,,,,,,,1
Allisonella histaminiformans,CSURP2249,Firmicutes,NH,,,,X,,,,,,1
Alloscardovia omnicolens,Inprogress,Actinobacteria,H,,,,X,,,,,,1
Anaerococcus hydrogenalis,CSURP1181,Firmicutes,H(GUT),1,1,,,,,,,,3
Anaerococcus jeddahensis,CSURP1914,Firmicutes,NS,,X,,,,,,,,1
Anaerococcus murdochii,CSURP1063,Firmicutes,H,,X,,,,,,,,1
Anaerococcus octavius,CSURP120,Firmicutes,H,,,,,,,,,X,1
Anaerococcus prevotii,CSURP1036,Firmicutes,H,,X,,,,,,,,1
Anaerococcus provencensis,Inprogress,Firmicutes,H(GUT),,X,,,,,,,,1
Anaerococcus rubiinfantis,CSURP2032,Firmicutes,NS,,X,,,,,,,,1
Anaerococcus vaginalis,CSURP118,Firmicutes,H(GUT),4,18,,1,,,,,1,25
Anaerofustis massiliensis,CSURP2441,Firmicutes,NS,,,,X,,,,,,1
Anaerofustis stercorihominis,CSURP302,Firmicutes,H(GUT),,,,,,X,,,,1
Anaeroglobus geminatus,CSURP2834,Firmicutes,H,,,,X,,,,,,1
Anaeromassilibacillus senegalensis,CSURP1511,Firmicutes,NS,,X,,,,,,,,1
Anaerosalibacter bizertensis,CSURP1088,Firmicutes,NH,,1,,,,,X,,,2
Anaerosalibacter massiliensis,CSURP761,Firmicutes,NS,1,11,,,,,X,,,13
Anaerosalibacter timonensis,CSURP3206,Firmicutes,NS,,X,,,,,,,,1
Anaerospora hongkongensis,CSURP2374,Firmicutes,H,,X,,,,,,,,1
Anaerostipes caccae,CSURP2083,Firmicutes,H(GUT),,1,X,1,,,,,,3
Anaerotruncus colihominis,CSURP265,Firmicutes,H(GUT),1,4,1,1,,,,,1,9
Anaerotruncus massiliensis,CSURP2007,Firmicutes,NS,,,X,1,,,,1,,3
Anaerotruncus rubiinfantis,CSURP2276,Firmicutes,NS,,X,,,,,,,,1
Aneurinibacillus aneurinilyticus,CSURP877,Firmicutes,H(GUT),X,1,1,,,,,,,12
Aneurinibacillus migulanus,CSURP802,Firmicutes,NH,,1,1,,,,,,,3
Anoxybacillus flavithermus,CSURP3086,Firmicutes,NH,,,,,,,,,X,1
Aquamicrobium lusatiense,ND,Proteobacteria,NH,,,,,,X,,,,1
Arabia massiliensis,CSURP3078,Actinobacteria,NS,,X,,,,,,,,1
Arthrobacter agilis,CSURP2254,Actinobacteria,NH,,X,,,,,,,,1
Arthrobacter albus,CSURP725,Actinobacteria,H,2,,,,,,,,,3
Arthrobacter aurescens,CSURP832,Actinobacteria,H,X,,,,,,,,,1
Arthrobacter castelli,CSURP690,Actinobacteria,NH,3,3,,,,,,,,7
Arthrobacter cumminsii,CSURP603,Actinobacteria,H,X,1,,,,,,,,2
Arthrobacter gandavensis,CSURP1007,Actinobacteria,NH,X,7,,,,,,,,8
Arthrobacter ilicis,ND,Actinobacteria,NH,X,,,,,,,,,1
Arthrobacter koreensis,ND,Actinobacteria,NH,,X,,,,,,,,1
Arthrobacter luteolus,ND,Actinobacteria,H,,X,,,,,,,,1
Arthrobacter oxydans,ND,Actinobacteria,H,1,1,1,,,,,,,4
Arthrobacter parietis,ND,Actinobacteria,NH,,,,,,,,X,,1
Arthrobacter pigmenti,ND,Actinobacteria,NH,X,,,,,,,,,1
Arthrobacter polychromogenes,CSURP805,Actinobacteria,H,1,,1,,,,,,,3
Arthrobacter pyridinolis,ND,Actinobacteria,NH,,X,,,,,,,,1
Atopobium parvulum,Inprogress,Firmicutes,H(GUT),,,,X,,,,,,1
Bacillus altitudinis,CSURP1977,Firmicutes,NH,,X,,,,,,,,1
Bacillus amyloliquefaciens,CSURP1697,Firmicutes,H,3,13,2,,,2,,,,21
Bacillus andreesenii,CSURP2610,Firmicutes,NH,,X,,,,,,,,1
Bacillus andreraoultii,CSURP1162,Firmicutes,NS,,X,,,,,,,,1
Bacillus aquimaris,CSURP1240,Firmicutes,NH,,,,,,,X,,,1
Bacillus arsenicus,CSURP754,Firmicutes,NH,1,2,,,,,,,,4
Bacillus badius,CSURP835,Firmicutes,H(GUT),,11,1,,,,,,,13
Bacillus baekryungensis,CSURP1526,Firmicutes,NH,,,X,,,,,,,1
Bacillus bataviensis,CSURP1139,Firmicutes,NH,,X,,,,,,,,1
Bacillus cereus,CSURP753,Firmicutes,H(GUT),12,69,1,,,2,1,,,86
Bacillus circulans,CSURP655,Firmicutes,H(GUT),4,22,1,,,1,,,,29
Bacillus clausii,CSURP675,Firmicutes,H(GUT),1,5,1,2,,,,,,1
Bacillus coagulans,CSURP1163,Firmicutes,H,X,2,,,,,,,,3
Bacillus cohnii,CSURP873,Firmicutes,NH,,X,,,,,,,,1
Bacillus endophyticus,CSURP1236,Firmicutes,NH,,1,1,,,,1,,,4
Bacillus firmus,CSURP654,Firmicutes,H,5,17,,,,,,,,23
Bacillus flexus,CSURP670,Firmicutes,H(GUT),4,21,1,,,,,,,27
Bacillus fordii,CSURP633,Firmicutes,H(GUT),,X,,,,,,,,1
Bacillus galactosidilyticus,CSURP1008,Firmicutes,NH,,X,1,,,,,,,2
Bacillus gibsonii,CSURP710,Firmicutes,NH,X,,,,,,,,,1
Bacillus halodurans,CSURP1087,Firmicutes,NH,1,,,,,,X,,,2
Bacillus humi,CSURP652,Firmicutes,NH,,,,X,,,,,1,2
Bacillus idriensis,CSURP783,Firmicutes,H,X,2,,,,,,,,3
Bacillus infantis,CSURP676,Firmicutes,H,1,3,,,,,,,,5
Bacillus jeddahensis,CSURP732,Firmicutes,NS,,X,,,,,,,,1
Bacillus jeddahtimonensis,CSURP977,Firmicutes,NS,,X,,,,,,,,1
Bacillus jeotgali,CSURP1253,Firmicutes,NH,1,3,,,,,X,,,5
Bacillus koreensis,ND,Firmicutes,NH,,X,2,,,,,,,3
Bacillus kyonggiensis,CSURP1140,Firmicutes,NH,,X,,,,,,,,1
Bacillus lentus,CSURP1241,Firmicutes,H(GUT),,,,,,,X,,,1
Bacillus licheniformis,CSURP773,Firmicutes,H(GUT),1,24,1,4,,2,1,,1,44
Bacillus litoralis,ND,Firmicutes,NH,,,,,,,X,,,1
Bacillus marisflavi,CSURP574,Firmicutes,NH,,1,1,,,,1,,,4
Bacillus massilioamazoniensis,CSURP1359,Firmicutes,NS,,X,,,,,,,,1
Bacillus massiliogabonensis,CSURP2639,Firmicutes,NS,,X,,,,,,,,1
Bacillus massilionigeriensis,CSURP2366,Firmicutes,NS,,X,,,,,,,,1
Bacillus massiliosenegalensis,CSURP151,Firmicutes,NS,,X,,,,,,,,1
Bacillus mediterraneensis,CSURP2348,Firmicutes,NS,,X,,,,,,,,1
Bacillus megaterium,CSURP688,Firmicutes,H(GUT),5,1,2,,,,1,,,19
Bacillus methylotrophicus,CSURP2575,Firmicutes,H(GUT),,X,,,,,1,,,2
Bacillus mojavensis,CSURP1524,Firmicutes,NH,1,8,1,,,,,,,11
Bacillus mycoides,CSURP1009,Firmicutes,H,1,2,1,,,,,,,5
Bacillus nealsonii,CSURP2085,Firmicutes,NH,,4,,,,2,,,,7
Bacillus niabensis,CSURP2022,Firmicutes,NH,,2,,,,,,,,3
Bacillus niacini,ND,Firmicutes,NH,,1,,,,,,,,2
Bacillus niameyensis,CSURP1266,Firmicutes,NS,,X,,,,,,,,1
Bacillus okuhidensis,ND,Firmicutes,NH,X,,,,,,,,,1
Bacillus oleronius,CSURP1189,Firmicutes,H,X,,,,,,,,,1
Bacillus oshimensis,CSURP794,Firmicutes,NH,,1,,,,,X,,,2
Bacillus pakistanensis,CSURP2292,Firmicutes,NH,,X,,,,,,,,1
Bacillus phoceensis,CSURP2184,Firmicutes,NS,,X,,,,,,,,1
Bacillus pichinotyi,Inprogress,Firmicutes,NH,,X,,,,,,,,1
Bacillus pocheonensis,CSURP581,Firmicutes,NH,X,,,,,,,,,1
Bacillus pseudomycoides,ND,Firmicutes,NH,,,X,,,,,,,1
Bacillus pumilus,CSURP505,Firmicutes,H(GUT),6,36,2,2,,2,1,,,5
Bacillus rubiinfantis,CSURP1141,Firmicutes,NS,,X,,,,,,,,1
Bacillus saudii,ND,Firmicutes,NS,,X,,,,,,,,1
Bacillus simplex,CSURP558,Firmicutes,H(GUT),6,8,1,,,,,,,16
Bacillus siralis,CSURP780,Firmicutes,NH,4,24,1,,,,,,,3
Bacillus soli,ND,Firmicutes,NH,,X,,,,,,,,1
Bacillus sonorensis,CSURP939,Firmicutes,H(GUT),1,2,,,,,,,,4
Bacillus subterraneus ,CSURP1270,Firmicutes,NH,,X,,,,,,,,1
Bacillus subtilis,CSURP1764,Firmicutes,H(GUT),7,37,2,,,2,2,,,51
Bacillus testis,CSURP1492,Firmicutes,NS,,X,,,,,,,,1
Bacillus thermoamylovorans,CSURP776,Firmicutes,H(GUT),3,23,,,,,,,,27
Bacillus thuringiensis,CSURP820,Firmicutes,H(GUT),,2,2,,,,,,,5
Bacillus timonensis,CSURP162,Firmicutes,NS,,1,,,,2,,,,4
Bacillus touaregensis,CSURP2489,Firmicutes,NS,,X,,,,,,,,1
Bacillus vallismortis,CSURP984,Firmicutes,NH,3,2,1,,,2,2,,,29
Bacillus vietnamensis,CSURP799,Firmicutes,NH,1,,,,,,X,,,2
Bacillus weihenstephanensis,CSURP696,Firmicutes,NH,X,1,1,,,,,,,3
Bacteroides bouchedurhonense,CSURP2653,Bacteroidetes,NS,,,,X,,,,,,1
Bacteroides caccae,CSURP703,Bacteroidetes,H(GUT),,9,1,3,,,,,1,15
Bacteroides cellulosilyticus,CSURP1931,Bacteroidetes,H(GUT),2,5,1,3,,2,,,1,15
Bacteroides clarus,CSURP3085,Bacteroidetes,H(GUT),,,,,,,,,X,1
Bacteroides congolense,CSURP3132,Bacteroidetes,NS,,X,,,,,,,,1
Bacteroides coprocola,CSURP2744,Bacteroidetes,H(GUT),,,,,,,,,W,1
Bacteroides eggerthii,ND,Bacteroidetes,H(GUT),,1,,1,,,,,,3
Bacteroides finegoldii,ND,Bacteroidetes,H(GUT),,,X,,,,,,,1
Bacteroides fragilis,CSURP444,Bacteroidetes,H(GUT),6,34,1,1,1,,,,1,54
Bacteroides graminisolvens,CSURP1196,Bacteroidetes,NH,X,1,1,,,,,,,3
Bacteroides intestinalis,CSURP836,Bacteroidetes,H(GUT),2,2,2,2,,,,,,9
Bacteroides massiliensis,CSURP1495,Bacteroidetes,H,,,,3,,,,,,4
Bacteroides mediterraneense,CSURP2644,Bacteroidetes,NS,,,,,,,,,X,1
Bacteroides neonati,CSURP1500,Bacteroidetes,NS,,,X,,1,,,,,2
Bacteroides nordii,CSURP1040,Bacteroidetes,H(GUT),1,6,1,,,,,,,9
Bacteroides ovatus,CSURP1011,Bacteroidetes,H(GUT),6,33,1,6,1,2,,,1,51
Bacteroides phoceense,CSURP2244,Bacteroidetes,NS,,,,X,,,,,,1
Bacteroides salyersiae,CSURP1498,Bacteroidetes,H(GUT),,7,,2,1,,,,1,12
Bacteroides stercoris,CSURP1142,Bacteroidetes,H(GUT),1,,,1,,,,,1,4
Bacteroides thetaiotaomicron,CSURP575,Bacteroidetes,H(GUT),5,18,2,4,1,,,,1,32
Bacteroides timonense,CSURP194,Bacteroidetes,NS,X,2,,2,,,,,,5
Bacteroides uniformis,CSURP763,Bacteroidetes,H(GUT),6,33,1,11,1,2,,,1,56
Bacteroides vulgatus,CSURP866,Bacteroidetes,H(GUT),4,22,1,8,1,2,,,1,4
Bacteroides xylanolyticus,CSURP2455,Bacteroidetes,NH,,X,,,,,,,,1
Barnesiella intestinihominis,CSURP886,Bacteroidetes,H(GUT),1,7,,8,,2,,,,19
Bartonella vinsonii,CSURB601,Proteobacteria,H,,X,,,,,,,,1
Beduinella massiliensis,CSURP2846,Firmicutes,NS,,X,,,,,,,,1
Beduini massiliensis,CSURP1140,Firmicutes,NS,,X,,,,,,,,1
Bhargavaea cecembensis,CSURP1238,Firmicutes,NH,,,,,,,X,,,1
Bifidobacterium adolescentis,CSURP830,Actinobacteria,H(GUT),1,6,,8,,,,,1,17
Bifidobacterium angulatum,ND,Actinobacteria,H(GUT),,,,X,,,,,,1
Bifidobacterium animalis,CSURP916,Actinobacteria,H(GUT),3,1,,,,,,,,5
Bifidobacterium bifidum,CSURP1194,Actinobacteria,H(GUT),,X,,6,,2,,,1,1
Bifidobacterium breve,CSURP1066,Actinobacteria,H(GUT),X,7,1,1,,2,,,,12
Bifidobacterium catenulatum,CSURP1195,Actinobacteria,H(GUT),X,7,1,3,,,,,1,13
Bifidobacterium dentium,CSURP1900,Actinobacteria,H(GUT),,,X,,,1,,,,2
Bifidobacterium longum,CSURP838,Actinobacteria,H(GUT),3,12,1,8,,3,,,1,29
Bifidobacterium pseudocatenulatum,CSURP1182,Actinobacteria,H(GUT),X,3,1,2,,,,,1,8
Bifidobacterium saeculare ,CSURP2228,Actinobacteria,NH,,,,X,,,,,,1
Bifidobacterium scardovii,CSURP985,Actinobacteria,H,X,,,,,2,,,,3
Bilophila wadsworthia,CSURP2442,Proteobacteria,H(GUT),,1,,3,,,,,,5
Bittarella massiliensis,CSURP2149,Firmicutes,NS,,,,X,,,,,,1
Blautia coccoides,CSURP1143,Firmicutes,H(GUT),2,17,1,2,,,,,1,24
Blautia hydrogenotrophica,CSURP1144,Firmicutes,H(GUT),1,9,,3,,,,,,14
Blautia massiliensis,CSURP2132,Firmicutes,NS,,,,X,,,,,1,2
Blautia phoceensis,CSURP328,Firmicutes,NS,,,,,,,,,X,1
Blautia producta,ND,Firmicutes,H(GUT),,X,,,,,,,,1
Blautia timonensis,CSURP2398,Firmicutes,NS,,,,,,,,,X,1
Bordetella bronchiseptica,ND,Proteobacteria,H,,,X,,,,,,,1
Bordetella trematum,CSURP1435,Proteobacteria,H,,,X,,,1,,,,2
Brachybacterium massiliense,CSURP2240,Actinobacteria,NS,,X,,,,,,,,1
Brassicibacter mesophilus,ND,Firmicutes,NH,,X,,,,,,,,1
Brevibacillus agri,CSURP683,Firmicutes,H,3,2,1,,,,,,,7
Brevibacillus brevis,CSURP1041,Firmicutes,H(GUT),1,1,,,,,,,,3
Brevibacillus choshinensis,CSURP2309,Firmicutes,NH,,X,,,,,,,,1
Brevibacillus formosus,ND,Firmicutes,NH,,,X,,,,,,,1
Brevibacillus laterosporus,CSURP1242,Firmicutes,H,X,3,,,,,,,,4
Brevibacillus parabrevis,CSURP1467,Firmicutes,H,,X,,,,,,,,1
Brevibacterium casei,CSURP787,Actinobacteria,H,4,3,,,,2,,,,1
Brevibacterium celere,CSURP758,Actinobacteria,NH,X,1,,,,,,,,2
Brevibacterium halotolerans,ND,Actinobacteria,NH,,,,,,,,,,1
Brevibacterium luteolum,CSURP649,Actinobacteria,H,2,4,,,,,,,,7
Brevibacterium massiliense,CSURP878,Actinobacteria,H,1,2,,,,,,,,4
Brevibacterium otitidis,CSURP1286,Actinobacteria,H,,X,,,,,,,,1
Brevibacterium paucivorans,CSURP1067,Actinobacteria,H,,X,,1,,,,,,2
Brevibacterium phoceense,CSURP1527,Actinobacteria,NS,,,,X,,,,,,1
Brevibacterium pityocampae,CSURP817,Actinobacteria,NH,,,,,,,,,,1
Brevibacterium ravenspurgense,CSURP669,Actinobacteria,H,2,4,,,,2,,,,9
Brevibacterium senegalense,CSURP155,Actinobacteria,NS,,,,,,,,,,1
Brevundimonas diminuta,CSURP631,Proteobacteria,H,1,,,2,,1,,,,5
Butyricimonas phoceensis,CSURP2023,Bacteroidetes,NS,,,X,,,,,,,1
Butyricimonas timonensis,CSURP2440,Bacteroidetes,NS,,,,X,,,,,,1
Butyricimonas virosa,ND,Bacteroidetes,H,1,3,,,1,,,,,6
Caecumella massiliensis,CSURP2974,Firmicutes,NS,,,,,,,,,X,1
Campylobacter coli,CSURP1471,Proteobacteria,H(GUT),,,,X,,,,,,1
Campylobacter concisus,ND,Proteobacteria,H(GUT),,,,,,,,,X,1
Campylobacter gracilis,CSURP3167,Proteobacteria,H(GUT),,,,,,,,,X,1
Campylobacter jejuni,ND,Proteobacteria,H(GUT),,,,X,,,,,,1
Campylobacter showae,ND,Proteobacteria,H(GUT),,,,,,,,,X,1
Campylobacter ureolyticus,CSURP1068,Proteobacteria,H(GUT),,,,X,,,,,,1
Capnocytophaga gingivalis,CSURP893,Bacteroidetes,H,X,3,,,,,,,,4
Capnocytophaga granulosa,ND,Bacteroidetes,H,,,,,,,,,X,1
Capnocytophaga ochracea,ND,Bacteroidetes,H(GUT),,,,,,,,,X,1
Capnocytophaga sputigena,CSURP717,Bacteroidetes,H,,1,,,,,,,,2
Carnobacterium divergens,CSURP1243,Firmicutes,H(GUT),X,,,,,2,,,,3
Carnobacterium maltaromaticum,ND,Firmicutes,H,,,,,,X,,,,1
Carnobacterium mobile,CSURP1462,Firmicutes,NH,,X,,,,,,,,1
Casaltella massiliensis,CSURP3111,Firmicutes,H,,,,,,,,,X,1
Catabacter hongkongensis,CSURP2084,Firmicutes,H(GUT),,,1,1,,,,1,,4
Catenibacterium mitsuokai,CSURP2933,Firmicutes,H(GUT),,,,,,,,,X,1
Cedecea lapagei,CSURP1164,Proteobacteria,H,,X,,,,,,,,1
Cedecea neteri,CSURP1165,Proteobacteria,H,,X,,,,,,,,1
Cellulomonas flavigena,CSURP2416,Actinobacteria,NH,,,,X,,,,,,1
Cellulomonas hominis,CSURP2024,Actinobacteria,H,,3,,,,,,,,4
Cellulomonas timonensis,CSURP2058,Actinobacteria,NS,,,,,,X,,,,1
Cellulosimicrobium cellulans,CSURP671,Actinobacteria,H,1,1,,2,,,,,,5
Cerasibacillus quisquiliarum,CSURP1260,Firmicutes,NH,,X,,,,,,,,1
Christensenella massiliensis,CSURP2438,Firmicutes,NS,,,,X,,,,,,1
Christensenella minuta,CSURP1999,Firmicutes,H(GUT),,,,X,,,,,,1
Christensenella timonensis,CSURP2437,Firmicutes,NS,,,,X,,,,,,1
Chromohalobacter japonicus,CSURP972,Proteobacteria,NH,,X,,,,,1,,,2
Chryseobacterium gleum,CSURP1312,Bacteroidetes,H,,X,1,,,,,,,2
Chryseobacterium indologenes,CSURP1349,Bacteroidetes,H,,,X,,,,,,,1
Citrobacter amalonaticus,CSURP1107,Proteobacteria,H(GUT),,X,,1,,1,,,,3
Citrobacter braakii,CSURP1042,Proteobacteria,H(GUT),,X,2,,1,2,,,,6
Citrobacter farmeri,CSURP1465,Proteobacteria,H(GUT),,X,1,,,1,,,,3
Citrobacter freundii,CSURP731,Proteobacteria,H(GUT),,12,2,2,1,2,1,,1,22
Citrobacter gillenii,ND,Proteobacteria,H(GUT),,,,,1,,,,,2
Citrobacter koseri,CSURP260,Proteobacteria,H(GUT),1,3,2,1,1,1,,,,1
Citrobacter murliniae,CSURP1983,Proteobacteria,H(GUT),,1,,,X,,,,,2
Citrobacter sedlakii,CSURP870,Proteobacteria,H(GUT),,X,1,,,,,,,2
Citrobacter youngae,CSURP1012,Proteobacteria,H(GUT),,X,,,1,,,,,2
Cloacibacillus porcorum,CSURP2475,Synergistetes,NH,,,,X,,,,,,1
Clostridium aerotolerans,CSURP917,Firmicutes,NH,X,,,,,,,,,1
Clostridium aldenense,ND,Firmicutes,H(GUT),4,2,1,1,,,,,,27
Clostridium amazonitimonense,CSURP1445,Firmicutes,NS,,X,,,,,,,,1
Clostridium aminovalericum,ND,Firmicutes,H(GUT),,,,,,,,,X,1
Clostridium amygdalinum,CSURP2095,Firmicutes,H,,X,,,,,,,,1
Clostridium amylolyticum,CSURP1145,Firmicutes,NH,X,,,,,,,,,1
Clostridium baratii,CSURP937,Firmicutes,H(GUT),2,15,1,,,,,,,19
Clostridium bartlettii,CSURP1183,Firmicutes,H(GUT),X,,,1,,,,,,2
Clostridium beduini,CSURP2776,Firmicutes,NS,,X,,,,,,,,1
Clostridium beijerinckii,CSURP883,Firmicutes,H(GUT),,X,,,,,,,,1
Clostridium bifermentans,CSURP628,Firmicutes,H(GUT),9,78,2,2,1,,,,,93
Clostridium bolteae,CSURP709,Firmicutes,H(GUT),X,25,,3,,,,,,29
Clostridium botulinum,ND,Firmicutes,H(GUT),,X,,,,,,,,1
Clostridium butyricum,CSURP390,Firmicutes,H(GUT),3,55,2,,,,,,,61
Clostridium cadaveris,CSURP2250,Firmicutes,H(GUT),X,13,1,,,,,,,15
Clostridium carboxidivorans,ND,Firmicutes,NH,,X,,,,,,,,1
Clostridium celerecrescens,CSURP370,Firmicutes,H,,X,,,,,,,,1
Clostridium citroniae,CSURP1111,Firmicutes,H(GUT),,1,,2,,,,,,13
Clostridium clostridioforme,CSURP928,Firmicutes,H(GUT),5,38,1,5,,2,,,1,53
Clostridium cochlearium,ND,Firmicutes,H,X,9,1,,,,,,,11
Clostridium culturomicsense,CSURP1184,Firmicutes,NS,X,11,,,,,,,,12
Clostridium dakarense,CSURP243,Firmicutes,NS,,X,1,,,,,,,2
Clostridium difficile,CSURP740,Firmicutes,H(GUT),X,26,2,,,,,,,29
Clostridium diolis,ND,Firmicutes,NH,X,2,,,,,,,,3
Clostridium disporicum,CSURP2534,Firmicutes,H(GUT),,,,X,,,,,,1
Clostridium glycolicum,CSURP626,Firmicutes,H(GUT),2,9,1,,,,,,,13
Clostridium glycyrrhizinilyticum,ND,Firmicutes,H(GUT),,X,,2,,,,,1,4
Clostridium hathewayi,CSURP1225,Firmicutes,H(GUT),4,37,1,3,,,,,1,47
Clostridium histolyticum,ND,Firmicutes,H(GUT),,X,,,,,,,,1
Clostridium hylemonae,CSURP1990,Firmicutes,H(GUT),,,X,,,,,,,1
Clostridium ihumii,CSURP198,Firmicutes,NS,,6,,,,,,,,7
Clostridium indolis,CSURP2236,Firmicutes,H(GUT),,X,1,,,,,,,2
Clostridium innocuum,CSURP1126,Firmicutes,H(GUT),2,36,1,8,,,,,1,49
Clostridium irregulare,CSURP1913,Firmicutes,H,,X,1,,,,,,,2
Clostridium jeddahense,CSURP1860,Firmicutes,NS,,X,,,,,,,,1
Clostridium jeddahtimonense,CSURP1230,Firmicutes,NS,,X,,,,,,,,1
Clostridium lactatifermentans,ND,Firmicutes,H(GUT),,,,,X,,,,,1
Clostridium lavalense,CSURP2117,Firmicutes,H(GUT),,X,,,,,,,,1
Clostridium mangenotii,Inprogress,Firmicutes,H,,,,X,,,,,,1
Clostridium marseillense,CSURP2262,Firmicutes,newspe,,,,X,,,,,,1
Clostridium massilioamazoniense,CSURP1360,Firmicutes,NS,X,4,,,,2,,1,,8
Clostridium massiliodielmoense,CSURP2255,Firmicutes,NS,,X,,,,,,,,1
Clostridium massiliosenegalense,CSURP299,Firmicutes,NS,,X,,,,,,,,1
Clostridium mediterraneense,CSURP2434,Firmicutes,NS,,,,X,,,,,,1
Clostridium neonatale,CSURP102,Firmicutes,H,,X,1,,,,,,,2
Clostridium nexile,ND,Firmicutes,H(GUT),,X,,,,,,,,1
Clostridium niameyense,CSURP1468,Firmicutes,NS,,X,,1,,,,,,2
Clostridium nigeriense,CSURP2414,Firmicutes,NS,,X,,,,,,,,1
Clostridium novyi,CSURP1464,Firmicutes,H,,X,,,,,,,,1
Clostridium oroticum,ND,Firmicutes,H(GUT),,3,,,,,,,,4
Clostridium paraperfringens,ND,Firmicutes,H(GUT),,X,,,,,,,,1
Clostridium paraputrificum,CSURP608,Firmicutes,H(GUT),5,59,2,,,2,,,,69
Clostridium perfringens,CSURP813,Firmicutes,H(GUT),9,63,1,1,,2,,,,77
Clostridium phoceense,CSURP1929,Firmicutes,NS,,X,,2,,,,,,3
Clostridium polynesiense,CSURP630,Firmicutes,NS,X,2,,,,,,,,3
Clostridium propionicum,CSURP919,Firmicutes,NH,,X,,,,,,,,1
Clostridium ramosum,CSURP625,Firmicutes,H(GUT),4,46,1,2,,,,,,54
Clostridium rectum,ND,Firmicutes,H(GUT),X,,,,,,,,,1
Clostridium saccharogumia,CSURP3138,Firmicutes,H(GUT),,X,,,,,,,,1
Clostridium saccharolyticum,CSURP2456,Firmicutes,H,,X,,,,,,,,1
Clostridium sardiniense,CSURP1480,Firmicutes,NH,,X,,,,,,,,1
Clostridium sartagoforme,CSURP852,Firmicutes,NH,,X,,,,,,,,1
Clostridium saudii,CSURP697,Firmicutes,NS,,X,,,,,,,,1
Clostridium schirmacherense,CSURP1912,Firmicutes,NH,,X,1,,,,,,,2
Clostridium scindens,CSURP1226,Firmicutes,H(GUT),6,18,,6,,1,,,1,33
Clostridium senegalense,CSURP152,Firmicutes,NS,,4,1,,,,,,,6
Clostridium septicum,CSURP1044,Firmicutes,H(GUT),,X,,,,,,,,1
Clostridium sordellii,CSURP609,Firmicutes,H(GUT),6,67,1,1,1,2,,,,79
Clostridium sphenoides,CSURP1932,Firmicutes,H(GUT),,X,,,,,,,,1
Clostridium sporogenes,CSURP682,Firmicutes,H(GUT),6,41,1,,,2,,,,51
Clostridium subterminale,CSURP2275,Firmicutes,H,,X,1,,,,,,,2
Clostridium sulfidigenes,CSURP1446,Firmicutes,NH,,X,,,,,,,,1
Clostridium symbiosum,CSURP1865,Firmicutes,H(GUT),6,42,1,3,,,,,,53
Clostridium tertium,CSURP565,Firmicutes,H(GUT),5,85,1,4,1,2,,,,99
Clostridium tetani,CSURP247,Firmicutes,H,,X,1,,,,,,,2
Clostridium thiosulfatireducens,CSURP1447,Firmicutes,NH,,X,,,,,,,,1
Clostridium touaregense,CSURP2415,Firmicutes,NS,,X,,,,,,,,1
Clostridium venationis,CSURP1303,Firmicutes,NH,,X,,1,,,,,,2
Colidextra massiliensis,CSURP3083,Firmicutes,NS,,,,,,,,,X,1
Collinsella aerofaciens,CSURP1069,Actinobacteria,H(GUT),,2,1,6,,2,,,1,31
Collinsella gabonensis,CSURP2308,Firmicutes,H(GUT),,,,X,,,,,,1
Collinsella ihumii,CSURP2019,Actinobacteria,NS,,,,X,,,,,,1
Collinsella intestinalis,CSURP3112,Actinobacteria,H(GUT),,,,,,,,,X,1
Collinsella massiliensis,CSURP902,Actinobacteria,NS,,,,,,,,,X,1
Collinsella massilioamazoniensis,CSURP1227,Actinobacteria,NS,,X,,,,,,,,1
Collinsella tanakaei,CSURP1228,Actinobacteria,H(GUT),X,,,,,,,,,1
Colonella massiliensis,CSURP2911,Firmicutes,NS,,,,,,,,,X,1
Comamonas kerstersii,CSURP849,Proteobacteria,H,,,1,1,,2,,,,5
Coprobacillus cateniformis,CSURP1263,Firmicutes,H(GUT),3,22,,,,,,,,26
Coprococcus comes,CSURP2800,Firmicutes,H(GUT),,X,,,,,,,,1
Corynebacterium accolens,CSURP702,Actinobacteria,H(GUT),X,,,,,,,,,1
Corynebacterium afermentans,CSURP1287,Actinobacteria,H(GUT),3,4,1,,,,1,,,1
Corynebacterium amycolatum,CSURP385,Actinobacteria,H,6,3,,2,,,,,,12
Corynebacterium appendicis,CSURP1485,Actinobacteria,H,,X,,,,,,,,1
Corynebacterium aurimucosum,CSURP834,Actinobacteria,H,1,1,,,,,1,,,4
Corynebacterium bouchedurhonense,CSURP2005,Actinobacteria,NS,X,,,,,2,,,,3
Corynebacterium coyleae,CSURP622,Actinobacteria,H,2,,,,,,,,,3
Corynebacterium doosanense,CSURP298,Actinobacteria,NH,,X,,,,,,,,1
Corynebacterium durum,CSURP929,Actinobacteria,H(GUT),1,1,,,,,,,,3
Corynebacterium efficiens,CSURP1244,Actinobacteria,NH,,,,,,,X,,,1
Corynebacterium flavescens,ND,Actinobacteria,NH,,,,1,X,1,,,,3
Corynebacterium freneyi,CSURP788,Actinobacteria,H(GUT),1,,,,,,,,,2
Corynebacterium glucuronolyticum,ND,Actinobacteria,H,2,,,,,,,,,3
Corynebacterium ihumii,CSURP902,Actinobacteria,NS,,1,,,,,,,,2
Corynebacterium jeddahense,CSURP778,Actinobacteria,NS,,X,,,,,,,,1
Corynebacterium karolinskerse,CSURP1472,Actinobacteria,NS,,X,,,,,,,,1
Corynebacterium lascolaense,ND,Actinobacteria,H,,,,,,,,,X,1
Corynebacterium lipophiloflavum,CSURP1272,Actinobacteria,H,,X,,,,,,,,1
Corynebacterium minutissimum,CSURP1045,Actinobacteria,H,4,3,,,,,,,,8
Corynebacterium mucifaciens,ND,Actinobacteria,H,3,1,,,,,,,,5
Corynebacterium pacaense,CSURP2417,Actinobacteria,NS,,,,X,,,,,,1
Corynebacterium propinquum,ND,Actinobacteria,H,2,1,,,,,,,,4
Corynebacterium provencense,CSURP2161,Actinobacteria,NS,,,,,,X,,,,1
Corynebacterium pseudodiphtheriticum,CSURP1070,Actinobacteria,H(GUT),X,,,,,,,,,1
Corynebacterium riegelii,ND,Actinobacteria,H,X,,,,,,,,,1
Corynebacterium simulans,CSURP1046,Actinobacteria,H,,2,,,,,,,,3
Corynebacterium striatum,CSURP642,Actinobacteria,H,2,,1,,,,,,,4
Corynebacterium suicordis,CSURP1187,Actinobacteria,NH,X,,1,,,,,,,2
Corynebacterium sundsvallense,CSURP1108,Actinobacteria,H,,X,,,,,,,,1
Corynebacterium tuberculostearicum,CSURP583,Actinobacteria,H,5,11,,,,2,,,,19
Corynebacterium urealyticum,CSURP803,Actinobacteria,H(GUT),X,,,,,,,,,1
Corynebacterium ureicelerivorans,CSURP1281,Actinobacteria,H,,X,,,,,,,,1
Corynebacterium variabile,CSURP933,Actinobacteria,NH,,X,,1,,,,,,2
Cronobacter sakazakii,CSURP922,Proteobacteria,H(GUT),,3,,,,,,,,4
Cryptobacterium curtum,CSURP2827,Actinobacteria,H,,,,,,,,,X,1
Culturomica massiliensis,CSURP2698,Bacteroidetes,NS,,,,X,,,,,,1
Dakarella massiliensis,CSURP1938,Proteobacteria,NS,,,,,,,,X,,1
Delftia tsuruhatensis,CSURP1198,Proteobacteria,H,,,,X,,1,,,,2
Dermabacter hominis,CSURP641,Actinobacteria,H,2,4,,,,,,,,7
Dermacoccus barathri,CSURP1521,Actinobacteria,NH,,,,X,,,,,,1
Desemzia incerta,ND,Actinobacteria,NH,,X,,,,,,,,1
Desnuesiella massiliensis,CSURP1919,Firmicutes,NS,,X,,,,,,,,1
Desulfomassilia massiliensis,CSURP2429,Proteobacteria,NS,,,,X,,,,,,1
Desulfovibrio desulfuricans,CSURP2296,Proteobacteria,H(GUT),,,,X,,,,,,1
Desulfovibrio piger,CSURP2699,Proteobacteria,H(GUT),,,,X,,,,,,1
Dialister invisus ,CSURP2212,Firmicutes,H,,,,1,,,,X,,2
Dialister pneumosintes,CSURP1188,Firmicutes,H,,X,,1,1,,,,,3
Dielma fastidiosa,CSURP149,Firmicutes,NS,2,7,,1,,,,,,11
Dietzia maris,CSURP679,Actinobacteria,H,2,1,,,,,,,,4
Dietzia natronolimnaea,CSURP1199,Actinobacteria,NH,1,1,,,,,,,,3
Dorea formicigenerans,ND,Firmicutes,H(GUT),,X,,,,,,,,1
Dorea longicatena,CSURP2116,Firmicutes,H(GUT),,X,,3,,,,,,4
Dorea massiliensis,CSURP199,Firmicutes,NS,,3,,,,,,,,4
Drancourtella massiliensis,CSURP1506,Firmicutes,NS,,X,,3,,,,,1,5
Drancourtella timonensis,CSURP2008,Firmicutes,NS,,,X,,,,,1,,2
Duodena massiliensis,CSURP2968,Proteobacteria,NS,,,,,,,,,X,1
Eggerthella lenta,CSURP1726,Actinobacteria,H(GUT),9,48,2,5,,1,,,1,67
Eggerthella timonensis,CSURP3135,Actinobacteria,NS,,X,,,,,,,,1
Eikenella corrodens,CSURP701,Proteobacteria,H(GUT),,X,,,,,,,,1
Eisenbergiella massiliensis,CSURP2120,Firmicutes,NS,,X,,,,,,,,1
Elizabethkingia meningoseptica,CSURP1394,Bacteroidetes,H,X,,1,,,,,,,2
Elizabethkingia miricola,CSURP684,Bacteroidetes,H,X,,,,,,,,,1
Emergencia timonensis,CSURP2260,Firmicutes,NS,,,,X,,,,,,1
Empedobacter brevis,CSURP1437,Bacteroidetes,H,,X,,,,,,,,1
Enterobacter aerogenes,CSURP210,Proteobacteria,H(GUT),,X,4,1,1,2,,,,9
Enterobacter asburiae,ND,Proteobacteria,H(GUT),4,,2,,,2,,,,9
Enterobacter cloacae,CSURP570,Proteobacteria,H(GUT),9,28,4,5,1,2,,,,5
Enterobacter hormaechei,ND,Proteobacteria,H(GUT),4,,1,,,,,,,6
Enterobacter kobei,CSURP288,Proteobacteria,H(GUT),X,3,1,1,1,,,,,7
Enterobacter ludwigii,CSURP1460,Proteobacteria,H,X,,1,,,2,,,,4
Enterobacter massiliensis,CSURP906,Proteobacteria,NS,,6,,,,,,,,7
Enterobacter timonensis,CSURP322,Proteobacteria,NS,,X,,,,,,,,1
Enterococcus asini,CSURP855,Firmicutes,NH,,7,1,,,,,,,9
Enterococcus avium,CSURP781,Firmicutes,H(GUT),1,69,2,6,,2,,,,9
Enterococcus canintestini,CSURP544,Firmicutes,H,X,1,2,2,,,,,,6
Enterococcus canis,ND,Firmicutes,NH,,,X,,,,,,,1
Enterococcus casseliflavus,CSURP634,Firmicutes,H(GUT),5,57,2,7,,,1,,,73
Enterococcus devriesei,CSURP112,Firmicutes,NH,X,2,1,1,,2,,,,7
Enterococcus diestrammenae,ND,Firmicutes,NH,,,,,,X,,,,1
Enterococcus dispar,CSURP2034,Firmicutes,H(GUT),,16,1,4,,2,,,,24
Enterococcus durans,CSURP621,Firmicutes,H(GUT),9,27,3,6,,2,,,1,49
Enterococcus eurekensis,CSURP2018,Firmicutes,NH,,,,,,X,,,,1
Enterococcus faecalis,CSURP577,Firmicutes,H(GUT),11,68,3,11,,2,2,,1,99
Enterococcus faecium,CSURP745,Firmicutes,H(GUT),11,16,3,8,,2,2,,1,134
Enterococcus gallinarum,CSURP364,Firmicutes,H(GUT),9,8,3,5,,2,1,,,11
Enterococcus gilvus,CSURP672,Firmicutes,H(GUT),X,6,1,1,,,,,1,1
Enterococcus hermanniensis,ND,Firmicutes,NH,,,X,,,,,,,1
Enterococcus hirae,CSURP557,Firmicutes,H(GUT),4,38,2,5,,2,2,,,54
Enterococcus italicus,CSURP1924,Firmicutes,H,X,1,,,,,,,,2
Enterococcus malodoratus,CSURP1148,Firmicutes,H,X,3,1,2,,2,,,,9
Enterococcus massiliensis,CSURP1928,Firmicutes,NS,,,X,1,,1,,,,3
Enterococcus mundtii,CSURP724,Firmicutes,H(GUT),,X,1,,,2,,,,4
Enterococcus pallens,CSURP1309,Firmicutes,H(GUT),,X,1,,,,,,,2
Enterococcus phoeniculicola,CSURP1149,Firmicutes,H(GUT),,,,,,,,X,,1
Enterococcus pseudoavium,CSURP1289,Firmicutes,H,,X,2,1,,2,,,,6
Enterococcus raffinosus,CSURP865,Firmicutes,H,X,25,1,,,,,,,27
Enterococcus thailandicus,CSURP1257,Firmicutes,NH,,X,2,,,,,,,3
Enterococcus villorum,CSURP869,Firmicutes,NH,,X,,,,,,,,1
Escherichia coli,CSURP216,Proteobacteria,H(GUT),11,59,3,13,1,2,,,,9
Escherichia fergusonii,CSURP726,Proteobacteria,H(GUT),,2,1,,,,,,,4
Escherichia hermannii,CSURP990,Proteobacteria,H(GUT),,,,1,,,,,,2
Eubacterium callanderi,ND,Firmicutes,H,,X,,,,,,,,1
Eubacterium cylindroides,ND,Firmicutes,H(GUT),,X,,,,,,,,1
Eubacterium fissicatena,ND,Firmicutes,NH,,X,,,,,,,,1
Eubacterium limosum,CSURP1150,Firmicutes,H(GUT),4,15,1,1,,,,,,22
Eubacterium massiliense,CSURP1927,Firmicutes,NS,,X,,2,,,,,,3
Eubacterium moniliforme,CSURP2663,Firmicutes,H,,X,,,,,,,,1
Eubacterium tenue,CSURP647,Firmicutes,H(GUT),4,19,1,1,,,,,,26
Eubacterium yurii,ND,Firmicutes,H,,,,,,,,,X,1
Exiguobacterium aurantiacum,CSURP661,Firmicutes,H,2,,,,,,,,,3
Facklamia hominis,CSURP1014,Firmicutes,H(GUT),X,16,,,,,,,,17
Facklamia tabacinasalis,CSURP2098,Firmicutes,NH,,,,,,,,X,,1
Fastidiosipila sanguinis,CSURP2070,Firmicutes,H,,1,,,,,,X,,2
Finegoldia magna,CSURP588,Firmicutes,H(GUT),4,26,1,,,,,,,32
Flaviflexus massiliensis,CSURP1300,Actinobacteria,NS,,X,,,,,,,,1
Flavonifractor marseillense,CSURP2262,Firmicutes,NS,,,,X,,,,,,1
Flavonifractor plautii,CSURP1167,Firmicutes,H(GUT),11,81,1,8,,,,,1,13
Fournierella massiliensis,CSURP2014,Firmicutes,NS,,,X,1,,,,1,,3
Fusobacterium canifelinum,ND,Fusobacteria,NH,X,,,,,,,,,1
Fusobacterium massiliense,CSURP2749,Fusobacteria,NS,,,,,,,,,X,1
Fusobacterium mortiferum,CSURP1015,Fusobacteria,H(GUT),X,3,,,,,,,,4
Fusobacterium necrophorum,ND,Fusobacteria,H(GUT),,,,,,,,,X,1
Fusobacterium nucleatum,CSURP1151,Fusobacteria,H(GUT),X,,,4,,,,,,5
Fusobacterium periodonticum,ND,Fusobacteria,H,2,1,,,,,,,,4
Fusobacterium varium,CSURP1168,Fusobacteria,H(GUT),,X,1,1,,,,,,3
Gabonia massiliensis,CSURP1910,Bacteroidetes,NS,,X,,,,,,,,1
Gardnerella vaginalis,CSURP680,Actinobacteria,H(GUT),,,,X,,2,,,,3
Gemella haemolysans,CSURP1074,Firmicutes,H(GUT),4,8,1,,,,,,,14
Gemella morbillorum,CSURP810,Firmicutes,H(GUT),3,2,,1,,,,,,7
Gemella sanguinis,CSURP812,Firmicutes,H,4,2,,1,,,,,,8
Geobacillus stearothermophilus,ND,Firmicutes,NH,,,,,,,1,,,2
Globicatella sulfidifaciens,CSURP1481,Firmicutes,H,,,X,,,,,,,1
Gorbachella massiliensis,CSURP2021,Firmicutes,NS,,,,X,,,,,,1
Gordonibacter massiliense,CSURP2775,Actinobacteria,NS,,X,,,,,,,,1
Gordonibacter pamelaeae,CSURP1276,Actinobacteria,H(GUT),1,6,,3,,,,,,11
Gordonibacter urolithinfaciens,CSURP309,unknown,H(GUT),,,,X,,1,,,,2
Gorillibacterium timonense,CSURP2011,Firmicutes,NS,,,,,,X,,,,1
Gracilibacillus diposauri,CSURP694,Firmicutes,NH,X,3,,,,,2,,,6
Gracilibacillus massiliensis,CSURP1441,Firmicutes,NS,,,,,,,,X,,1
Gracilibacillus thailandensis,CSURP1493,Firmicutes,NH,,1,,,,,X,,,2
Gracilibacillus timonensis,CSURP2481,Firmicutes,NS,,,,,,,X,,,1
Granulicatella adiacens,CSURP741,Firmicutes,H(GUT),3,2,1,,,,,,,7
Granulicatella elegans,CSURP692,Firmicutes,H,X,3,1,,,,,,,5
Granulicatella paraadiacens,ND,Firmicutes,H,2,,,,,,,,,3
Guyana massiliensis,CSURP1169,Firmicutes,NS,X,1,,1,,,,,,3
Haemophilus haemolyticus,ND,Proteobacteria,H,,X,,,,,,,,1
Haemophilus parainfluenzae,CSURP991,Proteobacteria,H(GUT),3,2,1,1,,,,,,8
Haemophilus pittmaniae,ND,Proteobacteria,H,X,,,,,,,,,1
Hafnia alvei,CSURP516,Proteobacteria,H(GUT),X,13,2,,,2,,,,18
Halobacillus dabanensis,CSURP797,Firmicutes,NH,,X,,,,,,,,1
Halobacillus karajensis,CSURP796,Firmicutes,NH,,X,,,,,,,,1
Halobacillus salinus,CSURP2544,Firmicutes,NH,,,,,,,X,,,1
Halobacillus trueperi,CSURP795,Firmicutes,NH,1,1,,,,,X,,,3
Haloferax alexandrinus #,CSURP798,Archae,NH,,,,,,,X,,,1
Haloferax massiliensis #,CSURP974,Archae,NS,,,,,,,X,,,1
Halomonas massiliensis,CSURP2426,Proteobacteria,NS,,,,,,,X,,,1
Halomonas salina,ND,Proteobacteria,NH,,1,,,,,X,,,2
Helcobacillus massiliensis,CSURP687,Actinobacteria,H,X,,,,,,,,,1
Helicobacter pylori,ND,Proteobacteria,H(GUT),,,,,,,,,X,1
Holdemania filiformis,CSURP2088,Firmicutes,H(GUT),,,,X,,,,,,1
Holdemania massiliensis,CSURP195,Firmicutes,NS,1,6,,1,,,,,,9
Holdemania timonensis,CSURP2844,Firmicutes,NS,,,,X,,,,,,1
Hugonella massiliensis,CSURP2118,Actinobacteria,NS,,X,,,,,,1,,2
Ihubacter massiliensis,CSURP2843,Firmicutes,NS,,,,X,,,,,,1
Ihuella massiliensis,CSURP1486,Firmicutes,NS,,,,X,,,,,,1
Ihuprevotella massiliensis,CSURP2826,Bacteroidetes,NS,,,,,,,,,X,1
Ileobacterium massiliense,CSURP3115,Firmicutes,NS,,,,,,,,,X,1
Intestinibacter bartlettii,CSURP2539,Firmicutes,NH,,,,X,,,,,,1
Intestinimonas butyriciproducens,CSURP1453,Firmicutes,NH,,2,,3,,,,,,24
Intestinimonas gabonensis,CSURP2072,Firmicutes,NS,,X,,,,,,,,1
Intestinimonas massiliensis,CSURP1930,Firmicutes,NS,,X,,3,,,,,,4
Intestinimonas phoceensis,CSURP3064,Firmicutes,NS,,,,,,,,,X,1
Intestinimonas timonensis,CSURP2010,Firmicutes,NS,,,,X,,,,,,1
Isoptericola variabilis,CSURP2838,Actinobacteria,NH,,,,X,,,,,,1
Janibacter hoylei,CSURP1047,Actinobacteria,H,2,,,,,,,,,3
Jeddahella massiliensis,CSURP1911,Actinobacteria,NS,,X,,,,,,,,1
Kallipyga gabonensis,CSURP1915,Firmicutes,NS,,X,,,,,,,,1
Kerstersia gyiorum,CSURP1407,Proteobacteria,H,,,X,,,,,,,1
Khelaifiabacterium massiliense,CSURP1935,Firmicutes,NS,,X,,,,,,,,1
Kingella denitrificans,ND,Proteobacteria,H,,X,,,,,,,,1
Klebsiella oxytoca,CSURP578,Proteobacteria,H(GUT),X,18,4,1,1,2,,,,27
Klebsiella pneumoniae,CSURP215,Proteobacteria,H(GUT),5,2,3,2,1,2,,,,34
Klebsiella variicola,ND,Proteobacteria,H(GUT),X,,1,,,,,,,2
Kluyvera cryocrescens,CSURP1406,Proteobacteria,H,,,X,,,,,,,1
Kluyvera georgiana,ND,Proteobacteria,H,,,X,,,,,,,1
Kocuria halotolerans,ND,Actinobacteria,NH,,,,,,,1,,,2
Kocuria koreensis,CSURP2469,Actinobacteria,H(GUT),,,,,,,,,X,1
Kocuria kristinae,CSURP599,Actinobacteria,H(GUT),,X,,,,,,,,1
Kocuria marina,CSURP926,Actinobacteria,H,1,,,,,,,,,2
Kocuria palustris,CSURP699,Actinobacteria,NH,1,5,,,,,,,,7
Kocuria polaris,ND,Actinobacteria,H(GUT),X,,,,,,,,,1
Kocuria rhizophila,CSURP662,Actinobacteria,H,9,1,1,,,2,,,,23
Kocuria rosea,CSURP559,Actinobacteria,H,3,,,,,,,,,4
Kocuria varians,CSURP559,Actinobacteria,H(GUT),,X,,,,,,,,1
Kosakonia cowanii,ND,Proteobacteria,H,,X,,,,,,,,1
Kurthia gibsonii,CSURP668,Firmicutes,NH,,2,1,,,,,,,4
Kurthia senegalensis,CSURP138,Firmicutes,NS,,,,1,,1,,,,3
Kushneria sinocarnis,CSURP2382,Proteobacteria,NH,,,,,,,X,,,1
Kytococcus schroeteri,CSURP560,Actinobacteria,H,5,4,,,,,,,,1
Kytococcus sedentarius,CSURP728,Actinobacteria,H(GUT),3,1,,,,,,,,5
Lachnoanaerobaculum orale,ND,Firmicutes,NH,,,,,,,,,X,1
Lachnoclostridium bouchedurhonense,CSURP2181,Firmicutes,NS,,X,,,,,,,,1
Lachnoclostridium timonense,CSURP3122,Firmicutes,NS,,,,X,,,,,,1
Lactobacillus acidipiscis,CSURP2079,Firmicutes,NH,,X,,,,,,,,1
Lactobacillus acidophilus,ND,Firmicutes,H(GUT),,X,,,,,,,,1
Lactobacillus agilis,CSURP1212,Firmicutes,NH,,X,1,,,,,,,2
Lactobacillus antri,ND,Firmicutes,H(GUT),,,,,,,,,X,1
Lactobacillus brevis,CSURP1254,Firmicutes,H(GUT),X,4,1,,,,,,,6
Lactobacillus buchneri,CSURP1392,Firmicutes,H(GUT),,,,X,,2,,,,3
Lactobacillus casei,CSURP1255,Firmicutes,H(GUT),,,X,,,2,,,,3
Lactobacillus coryniformis,CSURP2460,Firmicutes,NH,,,X,,,2,,,,3
Lactobacillus crispatus,CSURP1443,Firmicutes,H(GUT),,,,,,X,,,,1
Lactobacillus curvatus,CSURP899,Firmicutes,H(GUT),,1,,1,,2,,,,5
Lactobacillus delbrueckii,CSURP1076,Firmicutes,H(GUT),,,X,1,,2,,,,4
Lactobacillus dextrinicus,CSURP2091,Firmicutes,NH,,X,,,,2,,,,3
Lactobacillus diolivorans,ND,Firmicutes,NH,,,,,,X,,,,1
Lactobacillus fermentum,CSURP1018,Firmicutes,H(GUT),,X,1,1,,,,,,3
Lactobacillus frumenti,ND,Firmicutes,NH,,,,,,,,,X,1
Lactobacillus gasseri,CSURP993,Firmicutes,H(GUT),X,6,2,3,,2,,,,14
Lactobacillus gastricus,ND,Firmicutes,H(GUT),,X,,,,,,,,1
Lactobacillus harbinensis,CSURP1278,Firmicutes,NH,,X,1,,,2,,,,4
Lactobacillus ingluviei,CSURP209,Firmicutes,NH,,,,X,,2,,,,3
Lactobacillus johnsonii,CSURP1201,Firmicutes,H(GUT),,,X,1,,,,,,2
Lactobacillus kalixensis,CSURP1202,Firmicutes,H(GUT),,X,,,,,,,,1
Lactobacillus kefiri,CSURP1361,Firmicutes,NH,,,X,,,,,,,1
Lactobacillus mali,ND,Firmicutes,NH,,,,,,,,,X,1
Lactobacillus mucosae,CSURP1291,Firmicutes,H(GUT),,1,1,,,,,,,3
Lactobacillus murinus,CSURP1019,Firmicutes,H,,,X,,,,,,,1
Lactobacillus oligofermentans,ND,Firmicutes,NH,,X,,,,,,,,1
Lactobacillus oris,CSURP1256,Firmicutes,H,,,X,,,1,,,,2
Lactobacillus otakiensis,ND,Firmicutes,NH,,,,X,,2,,,,3
Lactobacillus parabuchneri,CSURP1247,Firmicutes,H,,X,1,2,,2,,,,6
Lactobacillus paracasei,CSURP664,Firmicutes,H(GUT),5,14,1,4,1,2,,,,28
Lactobacillus pentosus,CSURP1258,Firmicutes,NH,,1,1,,,2,,X,,5
Lactobacillus perolens,CSURP1358,Firmicutes,NH,,X,1,1,,2,,,,5
Lactobacillus plantarum,CSURP691,Firmicutes,H(GUT),X,5,2,1,,2,,,,11
Lactobacillus reuteri,CSURP1122,Firmicutes,H(GUT),,X,1,,1,,,,,3
Lactobacillus rhamnosus,CSURP567,Firmicutes,H(GUT),2,2,1,,1,2,,,,9
Lactobacillus ruminis,CSURP908,Firmicutes,H(GUT),,,,7,,,,,,8
Lactobacillus saerimneri,ND,Firmicutes,H(GUT),,,,,,,,,X,1
Lactobacillus sakei,CSURP1130,Firmicutes,H(GUT),,X,,1,,2,,,,4
Lactobacillus salivarius,CSURP1112,Firmicutes,H(GUT),X,1,2,1,,,,,,5
Lactobacillus satsumensis,CSURP2090,Firmicutes,NH,,,,,,X,,,,1
Lactobacillus ultunensis,ND,Firmicutes,H(GUT),,X,,,,,,,,1
Lactobacillus vaccinostercus,CSURP104,Firmicutes,NH,,,,,,X,,,,1
Lactobacillus vaginalis,ND,Firmicutes,H(GUT),,,X,,,2,,,,3
Lactobacillus zeae,CSURP1192,Firmicutes,H,,,,X,,2,,,,3
Lactococcus garvieae,CSURP1376,Firmicutes,H(GUT),5,11,1,1,,,,,,19
Lactococcus lactis,CSURP2235,Firmicutes,H(GUT),5,7,1,3,,2,,,,19
Lactonifactor longoviformis ,CSURP2234,Firmicutes,H(GUT),,X,,,,,,,,1
Lagierella massiliensis,CSURP2012,Firmicutes,NS,,X,,,,,,,,1
Lascolabacillus massiliensis,CSURP1560,Bacteroidetes,NS,,X,,,,,,,,1
Leclercia adecarboxylata,CSURP600,Proteobacteria,H(GUT),,,,1,X,,,,,2
Lelliottia amnigena,CSURP1459,Proteobacteria,H,,,,,,X,,,,1
Lentibacillus massiliensis,CSURP3089,Firmicutes,NS,,,,,,,,X,,1
Leptotrichia buccalis,CSURP2764,Fusobacteria,H,,,,,,,,,X,1
Leptotrichia massiliensis,CSURP3007,Fusobacteria,H,,X,,,,,,,,1
Leuconostoc lactis,CSURP1191,Firmicutes,H(GUT),X,,,,,,,,,1
Leuconostoc mesenteroides,CSURP1252,Firmicutes,H(GUT),,,,,,X,,,,1
Leuconostoc pseudomesenteroides,ND,Firmicutes,H,,,,,,X,,,,1
Listeria innocua,ND,Firmicutes,H(GUT),,X,,,,,,,,1
Lysinibacillus boronitolerans,CSURP1153,Firmicutes,NH,,X,,,,,,,,1
Lysinibacillus fusiformis,CSURP569,Firmicutes,H(GUT),5,31,2,1,,2,,,,42
Lysinibacillus macroides,CSURP2661,Firmicutes,NH,,X,,,,,,,,1
Lysinibacillus massiliensis,CSURP1245,Firmicutes,H(GUT),3,4,,,,,,,,8
Lysinibacillus meyeri,CSURP1154,Firmicutes,NH,X,2,,,,,,,,3
Lysinibacillus sphaericus,CSURP827,Firmicutes,NH,1,13,1,,,2,,,,18
Lysinibacillus varians,CSURP2094,Firmicutes,NH,,,,,,X,,,,1
Lysinibacillus xylanilyticus,CSURP1246,Firmicutes,NH,,X,,,,,,,,1
Macellibacteroides fermentans,CSURP1448,Bacteroidetes,NH,X,5,1,,,,,,,7
Malnutritionisia massiliensis,CSURP1907,Firmicutes,NS,,X,,,,,,,,1
Marseilla massiliensis,CSURP2745,Bacteroidetes,NS,,,,,,,,,X,1
Marseillobacter massiliensis,CSURP2840,Firmicutes,NS,,,,X,,,,,,1
Marseillococcus timonensis,CSURP2399,Firmicutes,NS,,,X,,,,,,,1
Massilia timonae,CSURP255,Firmicutes,H,X,,,,,,,,,1
Massilioamazonia massiliensis,CSURP1110,Firmicutes,NS,,X,,,,,,,,1
Massiliobacillus massiliensis,CSURP2411,Firmicutes,NS,,X,,,,,,,,1
Massiliobacterium senegalense,CSURP1510,Firmicutes,NS,,X,,,,,,,,1
Massilioculturomica massiliensis,CSURP2935,Firmicutes,NS,,,,,,,,,X,1
Massiliomaliae massiliensis,CSURP2963,Firmicutes,NS,,X,,,,,,,,1
Massiliomicrobiota timonensis,CSURP2264,Firmicutes,NS,,,,X,,,,,,1
Massiliomicrobiota timonensis ,CSURP2264,Firmicutes,newspe,,,,X,,,,,,1
Massilioprevotella massiliensis,CSURP2439,Bacteroidetes,NS,,,,X,,,,,,1
Mediannikovella massiliensis,CSURP1934,Firmicutes,NS,,X,,,,,,,,1
Mediterranea massiliensis,CSURP2645,Bacteroidetes,NS,,,,,,,,,X,1
Megasphaera massiliensis,CSURP245,Firmicutes,NS,X,,,,,,,,,1
Megasphaera micronuciformis,ND,Firmicutes,H(GUT),,1,,,,,,,X,1
Metaprevotella massiliensis,CSURP3114,Bacteroidetes,NS,,,,,,,,,X,1
Microbacterium kitamiense,CSURP789,Actinobacteria,NH,X,1,,1,,,,,,3
Microbacterium liquefaciens,ND,Actinobacteria,H,,,,X,,2,,,,3
Microbacterium maritypicum,ND,Actinobacteria,NH,,,,X,,,,,,1
Microbacterium natoriense,ND,Actinobacteria,NH,X,,,,,,,,,1
Microbacterium oleivorans,CSURP911,Actinobacteria,H,,2,,,,,,,,3
Microbacterium oxydans,CSURP1352,Actinobacteria,H,,,,X,,2,,,,3
Microbacterium paraoxydans,CSURP1077,Actinobacteria,H,,,,,,,,X,,1
Microbacterium phyllosphaerae,CSURP2093,Actinobacteria,H,,X,,,,,,,,1
Microbacterium saccharophilum,CSURP2065,Actinobacteria,NH,,,,,,X,,,,1
Micrococcus endophyticus,ND,Actinobacteria,NH,,,X,,,,,,,1
Micrococcus luteus,CSURP638,Actinobacteria,H(GUT),12,37,2,7,,2,,,,61
Micrococcus lylae,CSURP562,Actinobacteria,H,4,4,,,,,,,,9
Micromassilia timonensis,CSURP2133,Firmicutes,NS,,,,X,,,,,,1
Mitsuokella jalaludinii,CSURP2245,Firmicutes,NH,,,,X,,,,,,1
Mobilicoccus massiliensis,CSURP1306,Actinobacteria,NS,,X,,,,,,,,1
Mobilobacillus massiliensis,CSURP2510,Firmicutes,NS,,,,X,,,,,,1
Moellerella wisconsensis,CSURP296,Proteobacteria,H(GUT),,,,,,X,,,,1
Moraxella osloensis,CSURP768,Proteobacteria,H,3,7,,,,,,,,11
Morganella morganii,CSURP213,Proteobacteria,H(GUT),1,8,2,1,1,2,,,,16
Murdochiella asaccharolytica,CSURP2387,Firmicutes,H(GUT),X,4,,1,,,,,,6
Murdochiella massiliensis,CSURP1987,Firmicutes,NS,,X,,1,,,,,,2
Murdochiella timonensis,CSURP2433,Firmicutes,H,,,,X,,,,,,1
Mycobacterium avium,ND,Actinobacteria,H(GUT),,,X,1,,,,,,2
Mycobacterium bovis,ND,Actinobacteria,H(GUT),,,,X,,,,,,1
Mycobacterium colombiense,CSURP297,Actinobacteria,H(GUT),,,,X,,,,,,1
Mycobacterium kansasii,ND,Actinobacteria,H(GUT),,,,X,,,,,,1
Mycobacterium lentiflavum,ND,Actinobacteria,H(GUT),,,,X,,,,,,1
Mycobacterium paratuberculosis,ND,Actinobacteria,H(GUT),,,X,,,,,,,1
Mycobacterium tuberculosis,ND,Actinobacteria,H(GUT),,,,X,,,,,,1
Myroides odoratimimus,CSURP1203,Bacteroidetes,H,,,X,,,,,,,1
Myroides odoratus,ND,Bacteroidetes,H,,,X,,,,,,,1
Ndiopella massiliensis,CSURP1917,Bacteroidetes,NS,,X,,,,,,,,1
Negativicoccus massiliensis,CSURP2082,Firmicutes,NS,,,X,,,,,1,,2
Negativicoccus succinicivorans,CSURP1021,Firmicutes,H,,3,,,,,,,,4
Neglecta timonensis,CSURP2265,Firmicutes,NS,,,,X,,,,,,1
Neisseria canis,CSURP1391,Proteobacteria,H,,X,,,,,,,,1
Neisseria elongata,CSURP831,Proteobacteria,H,X,3,,,,,,,,4
Neisseria flavescens,CSURP1293,Proteobacteria,H,9,16,1,,,,,,,27
Neisseria gonorrhoeae,CSURP606,Proteobacteria,H(GUT),,X,,,,,,,,1
Neisseria macacae,CSURP882,Proteobacteria,H(GUT),7,6,,,,,,,,14
Neisseria meningitidis,Inprogress,Proteobacteria,H(GUT),,,,X,,,,,,1
Neisseria mucosa,CSURP619,Proteobacteria,H(GUT),2,3,,,,,,,,6
Neisseria perflava,ND,Proteobacteria,H,4,,,,,,,,,5
Neofamilia massiliensis,CSURP1998,Firmicutes,NS,,X,,,,,,,,1
Nesterenkonia massiliensis,CSURP244,Actinobacteria,NS,X,,,,,,,,,1
Niameyia massiliensis,CSURP1909,Firmicutes,NS,,X,,,,,,,,1
Nigerium massiliense,CSURP1302,Actinobacteria,NS,,X,,,,,,,,1
Nosocomiicoccus massiliensis,CSURP246,Firmicutes,NS,X,,,,,,,,,1
Numidum massiliense,CSURP1305,Firmicutes,NS,,X,,,,,,,,1
Oceanobacillus iheyensis,CSURP1365,Firmicutes,NH,,1,,,,,X,,,2
Oceanobacillus jeddahense,CSURP1091,Firmicutes,NS,,1,,,,,X,,,2
Oceanobacillus manasiensis,CSURP2542,Firmicutes,NH,,1,,,,,X,,,2
Oceanobacillus massiliensis,CSURP132,Firmicutes,NS,,1,,,,,1,,,3
Oceanobacillus oncorhynchi,CSURP973,Firmicutes,NH,,1,,,,,X,,,2
Oceanobacillus picturae,CSURP2543,Firmicutes,NH,,1,,,,,X,,,2
Oceanobacillus sojae,CSURP1102,Firmicutes,NH,,1,,,,,X,,,2
Ochrobactrum anthropi,CSURP818,Proteobacteria,H(GUT),,X,,1,,,,,,2
Ochrobactrum tritici,ND,Proteobacteria,NH,,,X,,,,,,,1
Odoribacter splanchnicus,CSURP862,Bacteroidetes,H(GUT),2,13,,2,,,,,,18
Oerskovia turbata,ND,Actinobacteria,H(GUT),,,,,,X,,,,1
Oligella urethralis,CSURP320,Proteobacteria,H(GUT),,X,,,,,,,,1
Olsenella massiliensis,CSURP1476,Actinobacteria,NS,,X,,,,,,1,,2
Olsenella phoceensis,CSURP2936,Actinobacteria,NS,,,,1,,,,,X,2
Olsenella provencensis,CSURP2912,Actinobacteria,NS,,,,,,,,,X,1
Olsenella timonensis,CSURP2300,Actinobacteria,NS,,,,X,,,,,,1
Olsenella uli,CSURP1078,Actinobacteria,H,,X,,1,,,,,,2
Ornithinibacillus contaminans,CSURP2075,Firmicutes,H,,X,,,,,,,,1
Oscilibacter massiliensis,CSURP2778,Firmicutes,NS,,X,,,,,,,,1
Pacaella massiliensis,CSURP2770,Synergistetes,NS,,,,X,,,,,,1
Paenibacillus abekawaensis,ND,Firmicutes,NH,,,,,,X,,,,1
Paenibacillus alvei,CSURP874,Firmicutes,H,,2,1,,,,,,,4
Paenibacillus amylolyticus,ND,Firmicutes,H,X,,,,,,,,,1
Paenibacillus anaericanus,CSURP2108,Firmicutes,NH,,,,,,X,,,,1
Paenibacillus antibioticophila,CSURP1358,Firmicutes,NS,,2,,,,,,,,3
Paenibacillus azoreducens,CSURP2080,Firmicutes,H(GUT),,X,,,,,,,,1
Paenibacillus barcinonensis,CSURP998,Firmicutes,H,,,1,,,,,,,2
Paenibacillus barengoltzii,CSURP1497,Firmicutes,NH,,13,,,,,1,,,15
Paenibacillus borealis,CSURP3069,Firmicutes,NH,,X,,,,,,,,1
Paenibacillus bouchesdurhonensis,CSURP3071,Firmicutes,NS,,X,,,,,,,,1
Paenibacillus cineris,CSURP1402,Firmicutes,NH,,,,,,X,,,,1
Paenibacillus dendritiformis,CSURP568,Firmicutes,NH,X,5,,,,,,,,6
Paenibacillus favisporus,CSURP1403,Firmicutes,NH,,X,,,,,,,,1
Paenibacillus glucanolyticus,CSURP871,Firmicutes,NH,3,5,,,,2,,,,11
Paenibacillus ihumii,CSURP1981,Firmicutes,NS,,,X,,,,,,,1
Paenibacillus illinoisensis,CSURP646,Firmicutes,NH,,X,,,,,,,,1
Paenibacillus jamilae,CSURP2278,Firmicutes,NH,,X,1,,,,,,,2
Paenibacillus lactis,CSURP0746,Firmicutes,NH,3,2,,,,,,,,6
Paenibacillus larvae,CSURP746,Firmicutes,H,,X,1,,,,,,,2
Paenibacillus lautus,CSURP1022,Firmicutes,H(GUT),,3,,,,,,,,4
Paenibacillus macerans,CSURP1405,Firmicutes,H,,X,,,,,,,,1
Paenibacillus marasmiensis,CSURP3069,Firmicutes,NS,,X,,,,,,,,1
Paenibacillus motobuensis,CSURP1455,Firmicutes,NH,,X,1,,,,,,,2
Paenibacillus naphthalenovorans,ND,Firmicutes,H,,X,,,,,,,,1
Paenibacillus numidis,CSURP1475,Firmicutes,NS,,X,,,,,,,,1
Paenibacillus odorifer,CSURP2009,Firmicutes,NH,,,,,,X,,,,1
Paenibacillus pabuli,ND,Firmicutes,NH,X,,,,,2,,,,3
Paenibacillus pasadenensis,ND,Firmicutes,H,X,,,,,,,,,1
Paenibacillus phoceensis,CSURP2238,Firmicutes,NS,,X,,,,,,,,1
Paenibacillus polymyxa,ND,Firmicutes,H,X,2,1,,,,,,,4
Paenibacillus provencensis,CSURP281,Firmicutes,H,1,,,,,2,,,,4
Paenibacillus pueri,CSURP1978,Firmicutes,NH,,1,1,,,,,,,3
Paenibacillus rhizosphaerae,CSURP1079,Firmicutes,NH,,2,,,,,,,,3
Paenibacillus rubiinfantis,CSURP2076,Firmicutes,NS,,X,,,,,,,,1
Paenibacillus senegalomassiliensis,CSURP2144,Firmicutes,NS,,X,,,,,,,,1
Paenibacillus stellifer,CSURP113,Firmicutes,NH,,,,,,X,,,,1
Paenibacillus thiaminolyticus,CSURP665,Firmicutes,H,6,14,,,,,1,,,22
Paenibacillus timonensis,CSURP284,Firmicutes,H,,4,,,,,,,,5
Paenibacillus touaregensis,CSURP2472,Firmicutes,NS,,X,,,,,,,,1
Paenibacillus typhae,CSURP2652,Firmicutes,NH,,,,X,,,,,,1
Paenibacillus tyraminigenes,CSURP999,Firmicutes,NH,,1,,,,,X,,,2
Paenibacillus urinalis,CSURP280,Firmicutes,H,X,,,,,,,,,1
Paenibacillus xylanilyticus,ND,Firmicutes,NH,,X,,,,,,,,1
Pantoea agglomerans,CSURP815,Proteobacteria,H(GUT),1,,,,,,,,,2
Pantoea calida,CSURP597,Proteobacteria,H,,X,,,,,,,,1
Pantoea septica,CSURP1370,Proteobacteria,H(GUT),,X,,,,,,,,1
Parabacteroides distasonis,CSURP876,Bacteroidetes,H(GUT),7,27,1,9,1,,,,1,47
Parabacteroides faecis,ND,Bacteroidetes,H(GUT),,X,,,,,,,,1
Parabacteroides goldsteinii,CSURP623,Bacteroidetes,H(GUT),1,5,1,,,,,,,8
Parabacteroides gordonii,CSURP3133,Bacteroidetes,H,,X,,,,,,,,1
Parabacteroides johnsonii,ND,Bacteroidetes,H(GUT),1,2,1,1,,,,,,6
Parabacteroides massiliense,CSURP2231,Bacteroidetes,H(GUT),,,,X,,,,,,1
Parabacteroides merdae,CSURP594,Bacteroidetes,H(GUT),2,7,,5,1,,,,,16
Paracoccus yeei,CSURP657,Proteobacteria,H(GUT),2,3,,,,,,,,6
Paraliobacillus massiliensis,CSURP975,Firmicutes,NS,,1,,,,,X,,,2
Paraliobacillus quinghaiensis,ND,Firmicutes,NH,,,1,,,,X,,,2
Paraprevotella clara,CSURP2647,Bacteroidetes,H(GUT),,,,,,,,,X,1
Parasutterella excrementihominis,CSURP2298,Proteobacteria,H(GUT),,,,X,,,,,,1
Parvimonas micra,CSURP875,Firmicutes,H(GUT),,1,,,,,,,,2
Paucisalibacillus globulus,CSURP1001,Firmicutes,NH,,1,,,,,X,,,2
Pediococcus acidilactici,CSURP618,Firmicutes,H(GUT),3,9,2,2,,2,,,,19
Pediococcus pentosaceus,CSURP826,Firmicutes,H(GUT),3,2,2,,,2,,,,1
Peptoniphilus asaccharolyticus,CSURP1050,Firmicutes,H(GUT),X,6,,,,,,,,7
Peptoniphilus duodenumensis,CSURP2932,Firmicutes,NS,,,,,,,,,X,1
Peptoniphilus gorbachii,CSURP1193,Firmicutes,H(GUT),X,2,,1,,,,,,4
Peptoniphilus grossensis,CSURP184,Firmicutes,NS,,8,,1,,,,,,1
Peptoniphilus harei,CSURP340,Firmicutes,H,3,11,1,,,,,,,16
Peptoniphilus koenoeneniae,CSURP2068,Firmicutes,H,,,,X,,,,,,1
Peptoniphilus lacriminalis,ND,Firmicutes,H,,,,X,,,,,,1
Peptoniphilus obesihominis,CSURP187,Firmicutes,NS,,3,,,,,,,,4
Peptoniphilus pacaensis,CSURP2270,Firmicutes,H,,X,,,,,,,,1
Peptoniphilus phoceensis,CSURP2183,Firmicutes,NS,,X,,,,,,,,1
Peptoniphilus senegalensis,CSURP154,Firmicutes,NS,,4,,1,,,,,,6
Peptoniphilus timonensis,CSURP165,Firmicutes,NS,1,,,,,,,,,2
Peptostreptococcus russellii,CSURP304,Proteobacteria,NH,,,,,,X,,,,1
Petrimonas sulfuriphila,CSURP1901,Bacteroidetes,NH,,X,,,,,,,,1
Phascalarctobacterium succinatutens,CSURP2443,Firmicutes,H(GUT),,,,X,,,,,,1
Phascolarctobacterium faecium,CSURP2297,Firmicutes,NH,,,,X,,,,,,1
Phocea massiliensis,CSURP2769,Firmicutes,NS,,,,X,,,,,,1
Planococcus massiliensis,CSURP1103,Firmicutes,NS,,,,,,,X,,,1
Planococcus rifietoensis,CSURP674,Firmicutes,NH,1,,,,,,,,,2
Planomicrobium okeanokoites,CSURP2029,Firmicutes,NH,,1,,,,,1,,,3
Polynesia massiliensis,CSURP1280,Firmicutes,NS,X,9,,6,,,,,,16
Porphyromonas bennonis,CSURP2839,Bacteroidetes,H,,,,X,,,,,,1
Prevotella bergensis,CSURP1918,Bacteroidetes,H,,X,,,,,,,,1
Prevotella buccae,CSURP1054,Bacteroidetes,H,,X,,,,,,,,1
Prevotella caccae,CSURP2931,Bacteroidetes,NS,,,,,,,,,X,1
Prevotella copri,CSURP1529,Bacteroidetes,H(GUT),X,,,1,,,,,,2
Prevotella corporis,CSURP2954,Bacteroidetes,H,,,,X,,,,,,1
Prevotella denticola,CSURP1023,Bacteroidetes,H(GUT),X,,,,,,,,,1
Prevotella intermedia,CSURP1056,Bacteroidetes,H(GUT),,,,,,,,,X,1
Prevotella jejuni,CSURP3104,Bacteroidetes,H(GUT),,,,,,,,,X,1
Prevotella melaninogenica,CSURP1057,Bacteroidetes,H(GUT),,2,,,,,,,,3
Prevotella oralis,ND,Bacteroidetes,H(GUT),,,,,,,,,X,1
Prevotella phoceensis,CSURP2259,Bacteroidetes,NS,,,,X,,,,,,1
Prevotella provencensis,Inprogress,Bacteroidetes,H,X,,,,,,,,,1
Prevotella veroralis,CSURP823,Bacteroidetes,H(GUT),1,,,,,,,,,2
Prevotellamassilia timonensis,CSURP2831,Bacteroidetes,NS,,,,X,,,,,,1
Propionibacterium acidifaciens,CSURP261,Actinobacteria,H,X,,,,,,,,,1
Propionibacterium acidipropionici,CSURP1369,Actinobacteria,NH,,X,1,,,,,,,2
Propionibacterium acnes,CSURP637,Actinobacteria,H(GUT),9,42,2,2,,,,,,56
Propionibacterium avidum,CSURP872,Actinobacteria,H(GUT),1,5,1,,,2,,,,1
Propionibacterium granulosum,CSURP1081,Actinobacteria,H(GUT),1,2,,,,,,,,4
Propionimicrobium lymphophilum,CSURP108,Actinobacteria,H,,X,,,,,,,,1
Proteus mirabilis,CSURP212,Proteobacteria,H(GUT),3,9,2,2,,2,,,,19
Proteus penneri,CSURP1233,Proteobacteria,H(GUT),X,,1,,,,,,,2
Proteus vulgaris,CSURP382,Proteobacteria,H(GUT),2,4,2,,,,,,,9
Provencella massiliensis,CSURP2780,Firmicutes,NS,,X,,,,,,,,1
Providencia alcalifaciens,CSURP807,Proteobacteria,H(GUT),,X,,,,,,,,1
Providencia heimbachae,CSURP1157,Proteobacteria,H(GUT),,X,,,,,,,,1
Providencia rettgeri,ND,Proteobacteria,H(GUT),,,,X,,,,,,1
Providencia stuartii,CSURP1002,Proteobacteria,H(GUT),,X,,,,,,,,1
Pseudochrobactrum asaccharolyticum,CSURP704,Proteobacteria,H,X,,,,,,,,,1
Pseudoclavibacter alba,CSURP2081,Actinobacteria,NH,,,X,,,2,,,,3
Pseudomonas aeruginosa,CSURP211,Proteobacteria,H(GUT),,5,2,6,1,2,,,,17
Pseudomonas alcaligenes,CSURP738,Proteobacteria,H,,,,,,X,,,,1
Pseudomonas bauzanensis,CSURP1436,Proteobacteria,NH,,X,,,,,,,,1
Pseudomonas boreopolis,ND,Proteobacteria,NH,,,,,,,,,X,1
Pseudomonas caricapapayae,CSURP1507,Proteobacteria,NH,,X,,,,,,,,1
Pseudomonas chlororaphis,CSURP1896,Proteobacteria,H,,,,,X,,,,,1
Pseudomonas fluorescens,CSURP2077,Proteobacteria,H(GUT),,,,,X,,,,,1
Pseudomonas fragi,CSURP1897,Proteobacteria,NH,X,,,,,2,,,,3
Pseudomonas fulva,CSURP1024,Proteobacteria,H(GUT),X,,,,,2,,,,3
Pseudomonas gessardii,ND,Proteobacteria,NH,,,,,1,,,,,2
Pseudomonas halophila,CSURP979,Proteobacteria,NH,,,,,,,X,,,1
Pseudomonas japonica,ND,Proteobacteria,NH,X,,,,,,,,,1
Pseudomonas libanensis,ND,Proteobacteria,NH,X,,,,,,,,,1
Pseudomonas lundensis,CSURP1893,Proteobacteria,NH,X,,,,,,,,,1
Pseudomonas luteola,CSURP695,Proteobacteria,H(GUT),2,3,1,,,,,,,7
Pseudomonas massiliensis,CSURP1334,Proteobacteria,NS,,X,,,,,,,,1
Pseudomonas migulae,ND,Proteobacteria,NH,,X,,,,,,,,1
Pseudomonas monteilii,ND,Proteobacteria,H,X,,,,,,,,,1
Pseudomonas mosselii,CSURP1351,Proteobacteria,H(GUT),X,,1,,,,,,,2
Pseudomonas oryzihabitans,CSURP854,Proteobacteria,H(GUT),4,3,,,,,,,,8
Pseudomonas putida,CSURP660,Proteobacteria,H(GUT),X,2,2,,,,,,,5
Pseudomonas rhodesiae,CSURP1314,Proteobacteria,H,,,,,X,,,,,1
Pseudomonas stutzeri,CSURP756,Proteobacteria,H(GUT),4,7,1,3,,,,,,16
Pseudomonas taetrolens,CSURP1895,Proteobacteria,NH,X,,,,,2,,,,3
Pseudomonas tolaasii,ND,Proteobacteria,NH,,,,,X,,,,,1
Pseudomonas xanthomarina,CSURP1313,Proteobacteria,NH,X,5,1,,,,,,,7
Pseudoramibacter alactolyticus,CSURP2914,Firmicutes,H,,,,,,,,,X,1
Psychrobacter faecalis,CSURP1271,Proteobacteria,NH,,,,,,,X,,,1
Psychrobacter phenylpyruvicus,ND,Proteobacteria,H,,,,,,X,,,,1
Psychrobacter pulmonis,CSURP1298,Proteobacteria,NH,,X,,,,,,,,1
Pyramidobacter piscolens,CSURP2428,Synergistetes,H(GUT),,,,,,,,,X,1
Raoultella ornithinolytica,CSURP1025,Proteobacteria,H(GUT),X,2,,,,1,,,,4
Raoultella planticola,ND,Proteobacteria,H(GUT),,,,,,X,,,,1
Raoultibacter massiliensis,CSURP2849,Actinobacteria,NS,,X,,,,,,,,1
Rhizobacterium radiobacter,CSURP440,Proteobacteria,H(GUT),,,,,,X,,,,1
Rhodococcus erythropolis,CSURP1386,Actinobacteria,H,,X,,,,,,,,1
Rhodococcus rhodochrous,CSURP1273,Actinobacteria,H(GUT),,1,,2,,,,,,4
Robinsoniella peoriensis,CSURP1158,Firmicutes,H(GUT),,X,,,,,,,,1
Romboutsia lituseburensis,CSURP841,Firmicutes,H(GUT),,1,1,,,,,,,12
Romboutsia massiliensis,ND,Firmicutes,NH,,,,,,,,,X,1
Romboutsia timonensis,CSURP326,Firmicutes,NS,,,,,,,,,X,1
Roseomonas genomospecies,ND,Proteobacteria,H(GUT),X,,,,,,,,,1
Roseomonas gilardii,ND,Proteobacteria,H(GUT),,,,X,,,,,,1
Roseomonas mucosa,CSURP774,Proteobacteria,H(GUT),2,1,,,,,,,,4
Rothia aeria,CSURP667,Actinobacteria,H(GUT),6,8,,1,,,,,,16
Rothia dentocariosa,CSURP930,Actinobacteria,H(GUT),5,5,,,,,,,1,12
Rothia mucilaginosa,CSURP730,Actinobacteria,H(GUT),4,4,,2,,,,,,11
Rothia terrae,ND,Actinobacteria,NH,,,X,,,,,,,1
Rubeoparvulum massiliense,CSURP1473,Firmicutes,NS,,X,,,,,,,,1
Rubiinfantum massiliense,CSURP2452,Firmicutes,NS,,X,,,,,,,,1
Ruminiclostridium massiliense,CSURP2976,Firmicutes,NS,,,,,,,,,X,1
Ruminococcus gauvreauii,CSURP2777,Firmicutes,H(GUT),,X,,,,,,,,1
Ruminococcus gnavus,ND,Firmicutes,H(GUT),X,14,1,,,,,,,16
Ruminococcus massiliensis,ND,Firmicutes,NS,,,,,,,,,1,2
Ruminococcus obeum,CSURP1452,Firmicutes,H(GUT),,X,,,,,,,,1
Ruminococcus phoceensis,CSURP2086,Firmicutes,NS,,,X,,,,,1,,2
Ruminococcus timonensis,CSURP328,Firmicutes,newspe,,,,,,,,,X,1
Rummeliibacillus pycnus,CSURP819,Firmicutes,NH,,X,,,,,,,,1
Rummeliibacillus suwonensis,CSURP3200,Firmicutes,NH,,X,,,,,,,,1
Rummeliibacilus stabekisii,CSURP1444,Firmicutes,NH,,,,,,X,,,,1
Salimicrobium jeotgali,CSURP2479,Firmicutes,NH,,,,,,,X,,,1
Salinisphaera halophila,CSURP978,Proteobacteria,NH,,X,,,,,,,,1
Salinivibrio costicola,ND,Proteobacteria,NH,,,,,,,X,,,1
Salmonella enterica,CSURP1083,Proteobacteria,H(GUT),,5,1,,,,,,,7
Salmonella enteritidis,ND,Proteobacteria,H(GUT),,,,X,,,,,,1
Salmonella typhi,CSURP624,Proteobacteria,H(GUT),X,1,,,,,,,,2
Sanguibacteroides massiliense,CSURP2099,Bacteroidetes,NS,,X,,,,,,,,1
Sarcina ventriculi,CSURP1026,Firmicutes,H(GUT),,,,,,,,X,,1
Selenomonas sputigena,ND,Firmicutes,H,,,,,,,,,X,1
Senegalia massiliensis,CSURP2130,Firmicutes,NS,,X,,,,,,,,1
Senegalimassilia anaerobia,CSURP147,Actinobacteria,NS,,,,1,,,,,,2
Serratia marcescens,CSURP587,Proteobacteria,H,X,4,2,2,,2,,,,11
Serratia ureilytica,CSURP1249,Proteobacteria,H,,X,,,,,,,,1
Shewanella xiamenensis,CSURP2223,Proteobacteria,H,,,X,,,,,,,1
Shigella boydii,ND,Proteobacteria,H(GUT),,,X,,,,,,,1
Shigella flexneri,ND,Proteobacteria,H(GUT),,,,X,,,,,,1
Shigella sonnei,ND,Proteobacteria,H(GUT),,,X,,,,,,,1
Slackia exigua,CSURP1160,Actinobacteria,H,,X,,,1,,,,,2
Solibacillus silvestris,CSURP2017,Firmicutes,NH,,,,X,,1,,,,2
Solobacterium moorei,CSURP1161,Firmicutes,H(GUT),,,,,,,,,X,1
Sphingomonas aerolata,CSURP1458,Proteobacteria,NH,X,,,,,,,,,1
Sporolactobacillus laevolacticus,CSURP2975,Firmicutes,NH,,,,,,,,,X,1
Sporosarcina aquimarina,CSURP2030,Firmicutes,NH,,X,1,,,,,,,2
Sporosarcina koreensis,CSURP1237,Firmicutes,NH,,,,,,,1,,,2
Sporosarcina luteola,CSURP677,Firmicutes,NH,X,,,,,,,,,1
Staphylococcus arlettae,CSURP890,Firmicutes,H(GUT),1,,,,,,3,,,5
Staphylococcus aureus,CSURP178,Firmicutes,H(GUT),8,17,2,3,,2,3,,1,37
Staphylococcus auricularis,CSURP822,Firmicutes,H(GUT),,1,,,,,,,,2
Staphylococcus capitis,CSURP311,Firmicutes,H(GUT),1,3,2,1,,2,,,1,47
Staphylococcus caprae,CSURP651,Firmicutes,H(GUT),2,4,,,,,1,,,8
Staphylococcus carnosus,CSURP1892,Firmicutes,H,,,X,,,,,,,1
Staphylococcus cohnii,CSURP1058,Firmicutes,H,7,11,1,,1,1,3,,,25
Staphylococcus condimenti,CSURP648,Firmicutes,H(GUT),2,2,,,,,,,,5
Staphylococcus devriesei,CSURP920,Firmicutes,H,,X,,,,,,,,1
Staphylococcus epidermidis,CSURP278,Firmicutes,H(GUT),12,35,4,2,1,2,3,,1,61
Staphylococcus equorum,CSURP1315,Firmicutes,H,,X,,,,,,,,1
Staphylococcus gallinarum,ND,Firmicutes,H,,,,,,,X,,,1
Staphylococcus haemolyticus,CSURP706,Firmicutes,H(GUT),1,16,2,2,,,3,,1,35
Staphylococcus hominis,CSURP391,Firmicutes,H(GUT),11,31,2,3,,2,1,,,51
Staphylococcus hyicus,ND,Firmicutes,H,,,,,,,X,,,1
Staphylococcus jettensis,CSURP1059,Firmicutes,H,X,2,,,,,,,,3
Staphylococcus kloosii,CSURP685,Firmicutes,H,,,,,,,,,1,2
Staphylococcus lentus,ND,Firmicutes,H,,,X,,,,,,,1
Staphylococcus lugdunensis,CSURP475,Firmicutes,H(GUT),4,6,2,,,,,,,13
Staphylococcus nepalensis,CSURP2420,Firmicutes,H(GUT),,,,,,,X,,,1
Staphylococcus pasteuri,CSURP750,Firmicutes,H,8,2,2,,,2,,,,33
Staphylococcus petrasii,CSURP1483,Firmicutes,H,,X,,,,,,,,1
Staphylococcus pettenkoferi,CSURP604,Firmicutes,H(GUT),2,2,,,,,,,,5
Staphylococcus saprophyticus,CSURP541,Firmicutes,H(GUT),4,13,2,1,,,1,,,22
Staphylococcus sciuri,CSURP853,Firmicutes,H(GUT),1,4,1,,,,1,,,8
Staphylococcus simiae,ND,Firmicutes,NH,,,X,,,,,,,1
Staphylococcus simulans,CSURP653,Firmicutes,H(GUT),1,1,1,,,,1,,,5
Staphylococcus succinus,ND,Firmicutes,H(GUT),,X,1,,,,,,,2
Staphylococcus warneri,CSURP757,Firmicutes,H(GUT),9,14,3,,,2,1,,1,31
Staphylococcus xylosus,CSURP814,Firmicutes,H(GUT),4,1,1,,,,1,,,8
Stenotrophomonas acidaminiphila,CSURP2028,Proteobacteria,NH,,X,,,,,,,,1
Stenotrophomonas maltophilia,CSURP1744,Proteobacteria,H(GUT),3,,,2,,,,,,6
Stenotrophomonas rhizophila,ND,Proteobacteria,H(GUT),,,,,,1,,,,2
Stoquefichus jeddahensis,CSURP1494,Firmicutes,NS,,X,,,,,,,,1
Streptococcus agalactiae,CSURP536,Firmicutes,H(GUT),,6,2,1,,2,,,1,13
Streptococcus alactolyticus,CSURP1920,Firmicutes,H,,X,1,,,,,,,2
Streptococcus anginosus,CSURP593,Firmicutes,H(GUT),4,8,1,7,1,2,,,1,25
Streptococcus australis,CSURP1216,Firmicutes,NH,1,5,,3,,,,,1,11
Streptococcus castoreus,ND,Firmicutes,NH,,X,,,,,,,,1
Streptococcus constellatus,CSURP851,Firmicutes,H(GUT),,,1,1,,2,,,1,6
Streptococcus cristatus,CSURP644,Firmicutes,H,7,3,,,,1,,,1,13
Streptococcus dysgalactiae,CSURP1819,Firmicutes,H,,,X,,,,,,,1
Streptococcus equinus,CSURP1179,Firmicutes,H(GUT),1,6,2,1,,,,,1,12
Streptococcus gallolyticus,CSURP485,Firmicutes,H(GUT),,13,2,1,,,,,,17
Streptococcus gordonii,CSURP573,Firmicutes,H(GUT),3,6,,1,,2,,,1,14
Streptococcus infantarius,ND,Firmicutes,H(GUT),X,1,2,,,,,,,4
Streptococcus infantis,ND,Firmicutes,H(GUT),,2,,,,,,,,3
Streptococcus lutetiensis,CSURP543,Firmicutes,H(GUT),4,7,3,2,,,,,,17
Streptococcus mitis,CSURP1123,Firmicutes,H(GUT),1,25,2,4,,1,,,,43
Streptococcus mutans,CSURP811,Firmicutes,H(GUT),,,,1,,2,,,1,5
Streptococcus oralis,CSURP856,Firmicutes,H(GUT),7,2,1,2,1,2,,,1,35
Streptococcus parasanguinis,CSURP1845,Firmicutes,H(GUT),4,8,1,2,,,,,1,17
Streptococcus peroris,CSURP885,Firmicutes,H,1,5,,,,,,,,7
Streptococcus pleomorphus,CSURP1217,Firmicutes,H,,X,,,,,,,,1
Streptococcus pneumoniae,CSURP635,Firmicutes,H(GUT),2,3,1,,,,,,,7
Streptococcus salivarius,CSURP686,Firmicutes,H(GUT),5,8,1,4,,2,,,1,22
Streptococcus sanguinis,v,Firmicutes,H(GUT),6,17,1,,,,,,1,26
Streptococcus sobrinus,CSURP2033,Firmicutes,H,,,,X,,2,,,,3
Streptococcus thermophilus,CSURP446,Firmicutes,H(GUT),X,,,,,,,,,1
Streptococcus tigurinus,ND,Firmicutes,H,X,,,,,,,,,1
Streptococcus timonensis,CSURP2915,Firmicutes,NS,,,,,,,,,X,1
Streptococcus uberis,ND,Firmicutes,H,,,X,,,,,,,1
Streptococcus vestibularis,ND,Firmicutes,H(GUT),1,2,,,,,,,,4
Streptomyces koyangensis,CSURP134,Firmicutes,NH,,,,X,,,,,,1
Streptomyces thermoviolaceus,ND,Actinobacteria,NH,,X,,,,,,,,1
Subdoligranulum variabile,CSURP3088,Firmicutes,H(GUT),,,,,,,,,X,1
Sutterella massiliensis,CSURP2335,Proteobacteria,NS,,,,X,,,,,,1
Sutterella wadsworthensis,CSURP1463,Proteobacteria,H(GUT),,X,,2,,,,1,1,5
Terribacillus aidingensis,ND,Firmicutes,NH,,X,,,,,2,,,3
Terribacillus halophilus,CSURP1239,Firmicutes,NH,,,,,,,X,,,1
Terrisporobacter glycolicus,CSURP2569,Firmicutes,H(GUT),,X,,,,,,,,1
Terrisporobacter mayombei,CSURP1899,Firmicutes,NH,,X,,,,,,,,1
Tessaracoccus massiliensis,CSURP1301,Actinobacteria,NS,,X,,,,,,,,1
Tetragenococcus koreensis,CSURP2168,Firmicutes,NH,,,,,,X,,,,1
Thalassobacillus devorans,ND,Firmicutes,NH,,1,,,,,X,,,2
Thalassobacillus massiliensis,CSURP976,Firmicutes,NS,,1,,,,,X,,,2
Thermoactinomyces sanguinis,CSURP1936,Firmicutes,NH,,X,,,,,,,,1
Tidjanibacter massiliensis,CSURP3084,Bacteroidetes,NS,,,,,,,,,X,1
Tissierella praeacuta,CSURP914,Firmicutes,H(GUT),,6,,,,,,,,7
Tropheryma whipplei,ND,Actinobacteria,H(GUT),,,,X,,,,,,1
Trueperella bernardiae,CSURP769,Actinobacteria,H(GUT),,1,,,,,,,,2
Trueperella pyogenes,ND,Actinobacteria,H,,,X,,,,,,,1
Turicella otitidis,CSURP771,Actinobacteria,H,X,,,,,,,,,1
Turicibacter sanguinis,CSURP700,Firmicutes,H(GUT),3,8,1,,,,,,1,14
Tyzzerella massiliensis,CSURP3062,Firmicutes,NS,,,,,,,,,X,1
Urmitella massiliensis,ND,Firmicutes,NS,,X,,,,,,,,1
Urmitella timonensis,CSURP2918,Firmicutes,NS,,X,,,,,,,,1
Vagococcus fluvialis,CSURP2697,Firmicutes,H,,,,X,,,,,,1
Vagococcus lutrae,CSURP1451,Firmicutes,NH,,,,,X,,,,,1
Vagococcus penaei,CSURP1469,Firmicutes,NH,,,,X,,,,,,1
Vagococcus teuberi,ND,Firmicutes,NH,,X,,,,,,,,1
Varibaculum cambriense,CSURP2227,Actinobacteria,H,,X,,,,,,,,1
Veillonella atypica,CSURP1086,Firmicutes,H(GUT),5,,,,,,,,,6
Veillonella denticariosi,ND,Firmicutes,H,X,,,,,,,,,1
Veillonella dispar,CSURP940,Firmicutes,H(GUT),5,1,,,,,,,,7
Veillonella parvula,CSURP1033,Firmicutes,H(GUT),3,12,1,1,,,,,,18
Victivallis vadensis,CSURP2748,Lentisphaerae,H(GUT),,,,,,,,,X,1
Virgibacillus dokdonensis,CSURP2545,Firmicutes,NH,,,,,,,X,,,1
Virgibacillus halodenitrificans,CSURP1093,Firmicutes,NH,1,,,,,,X,,,2
Virgibacillus massiliensis,CSURP971,Firmicutes,NS,,1,,,,,X,,,2
Virgibacillus pantothenticus,CSURP421,Firmicutes,NH,1,,,,,,X,,,2
Virgibacillus proomii,CSURP864,Firmicutes,NH,1,11,,,,,X,,,13
Virgibacillus senegalensis,CSURP1101,Firmicutes,NS,,,,,,,X,,,1
Virgibacillus siamensis,CSURP2607,Firmicutes,NH,,,,,,,X,,,1
Vitreoscilla massiliensis,CSURP2036,Proteobacteria,NS,,,,,,X,,,,1
Weeksella virosa,CSURP708,Bacteroidetes,H(GUT),X,,,,,,,,,1
Weissella cibaria,CSURP1939,Firmicutes,H(GUT),2,7,2,,,2,,,,14
Weissella confusa,ND,Firmicutes,H(GUT),,X,,,,2,,,,3
Weissella paramesenteroides,ND,Firmicutes,NH,,1,,,,2,,,,4
Weissella viridescens,CSURP2541,Firmicutes,H,,,,X,,,,,,1
Xanthomonas massiliensis,CSURP2129,Proteobacteria,NS,,,,,,X,,,,1
Yersinia aleksiciae,ND,Proteobacteria,H(GUT),,,,,X,,,,,1
Yersinia bercovieri,CSURP1905,Proteobacteria,H(GUT),,,,,,X,,,,1
Yersinia enterocolitica,CSURP840,Proteobacteria,H(GUT),X,,1,,1,2,,,,5
Yersinia intermedia,CSURP2243,Proteobacteria,H(GUT),,,X,,1,,,,,2
Yersinia kristensenii,ND,Proteobacteria,H(GUT),,,,,X,,,,,1
Yersinia mollaretii,ND,Proteobacteria,H,,,,,,X,,,,1
Zimmermanella faecalis,ND,Actinobacteria,NH,,X,,1,,,,,,2
